,tGravityAccmeanX,tGravityAccCorrelationXY,tGravityAccCorrelationXZ,tGravityAccCorrelationYZ,angletBodyGyroMeanGravityMean,subject,Activity,timepoint
0,0.9679482,-0.56395092,0.4664707,0.44309711,0.27504075,1,STANDING,6
1,0.95360569,0.89428322,0.91980763,0.99029772,-0.24057155,1,STANDING,19
2,0.62577398,-0.94810473,-0.95227069,0.97357937,0.16126969,1,SITTING,38
3,0.87653997,-0.89131478,0.91847494,-0.64651562,0.61787351,1,SITTING,40
4,-0.20863346,0.29181903,-0.55511751,-0.72107926,0.26340094,1,LAYING,58
5,0.044743889,-0.96295314,-0.99369442,0.98109785,-0.51443817,1,LAYING,65
6,-0.74182101,0.751859,-0.926334,-0.93995615,-0.18620193,1,LAYING,73
7,0.94712514,0.31343582,-0.057588718,0.6452164,-0.29120005,1,WALKING,83
8,0.94782306,0.83920104,-0.0040065918,-0.19125602,-0.40372804,1,WALKING,93
9,0.95473147,-0.55384003,-0.49575252,0.60209713,-0.57921451,1,WALKING,95
10,0.94502756,0.040226175,-0.13076162,0.27504570000000006,0.12101795,1,WALKING,96
11,0.93861575,-0.53239076,-0.48091858,0.49134645,0.42702112,1,WALKING,104
12,0.94588224,-0.42798921,-0.70511808,0.80547912,-0.28466332,1,WALKING,116
13,0.94257515,0.6872929,-0.39946509,0.055347045,-0.81356582,1,WALKING,117
14,0.94991264,0.49664501,-0.14218227,0.54584853,-0.29983873,1,WALKING,123
15,0.9494625,0.55000463,-0.18831656,0.54878732,-0.94339025,1,WALKING_DOWNSTAIRS,130
16,0.94976646,0.53169324,-0.60410266,0.077000456,-0.96012461,1,WALKING_DOWNSTAIRS,133
17,0.93926427,-0.78373962,-0.91865885,0.78025494,-0.8498753000000001,1,WALKING_DOWNSTAIRS,141
18,0.92422997,0.22725026,0.71495203,0.65936017,0.98528388,1,WALKING_DOWNSTAIRS,143
19,0.93935459,0.98651233,-0.86285694,-0.90609164,-0.96080814,1,WALKING_UPSTAIRS,151
20,0.92797881,0.9811049999999999,0.09343429699999999,0.23727959,-0.07814529099999999,1,STANDING,180
21,0.92836922,0.99901425,0.30284741,0.26559464,-0.20960312,1,STANDING,182
22,0.92511537,0.64878608,-0.74204269,-0.10190262,0.4662992,1,STANDING,186
23,-0.046239327999999996,0.12847956,-0.49558347,0.7335253,-0.57478634,1,LAYING,222
24,0.91770587,-0.9481581,-0.57710018,0.29899123,0.036059285,1,SITTING,235
25,-0.16876892,-0.95511348,0.97692928,-0.98294787,-0.17344642,1,LAYING,239
26,0.92942237,-0.090031515,-0.56745665,0.49280731,-0.45414407,1,WALKING,263
27,0.93555671,0.74469335,0.80479976,0.79244954,-0.57331588,1,WALKING,265
28,0.92237373,0.13408606,-0.33733869,0.63315422,-0.20851993,1,WALKING,278
29,0.9216101000000001,0.54506363,-0.11765234,-0.24170574,0.32323325,1,WALKING,279
30,0.91908992,0.90188426,-0.34607489,-0.63587152,-0.98327246,1,WALKING_UPSTAIRS,304
31,0.88480962,0.93158289,-0.88502073,-0.75163582,-0.91719481,1,WALKING_UPSTAIRS,314
32,0.87974094,-0.12133479,-0.68986383,0.13501861,-0.92184243,1,WALKING_UPSTAIRS,318
33,0.87963832,0.56573161,-0.43875634,0.29135059,0.36502967,1,WALKING_UPSTAIRS,319
34,0.88078238,0.63929534,-0.32140861,-0.17540976,-0.94918892,1,WALKING_UPSTAIRS,327
35,0.87003325,0.34678693,-0.55170313,0.14345837,0.96987138,1,WALKING_UPSTAIRS,330
36,0.92047538,0.41306214,0.79467758,0.8535972,-0.72109072,1,WALKING_DOWNSTAIRS,332
37,0.92472311,0.9255542,-0.83154039,-0.61173904,0.66326731,3,STANDING,20
38,-0.32851918,-0.35001075,0.19656128,-0.98664813,-0.34653986,3,LAYING,61
39,-0.26888801,-0.91017361,0.75499051,-0.95863519,-0.32878301,3,LAYING,72
40,-0.28360894,-0.93573813,0.65280161,-0.81294865,0.42275111,3,LAYING,86
41,0.93965592,-0.44332187,-0.35918059999999996,0.0045406518,-0.60028829,3,WALKING,99
42,0.95308034,0.22406872,-0.52839287,0.093115934,-0.030716804,3,WALKING,103
43,0.95112743,0.88833187,0.82715523,0.89775314,0.94881231,3,WALKING,104
44,0.94303633,-0.61011023,-0.58549306,0.96706848,-0.072325287,3,WALKING,112
45,0.89954002,-0.25459976,0.64701081,0.43712078,0.90379462,3,WALKING_DOWNSTAIRS,135
46,0.92103051,0.30748337,0.75955298,0.79445148,-0.42097272,3,WALKING_DOWNSTAIRS,139
47,0.91193741,0.85087214,0.65964296,0.69537154,-0.96801166,3,WALKING_DOWNSTAIRS,140
48,0.87932603,0.96933136,0.25332099,0.26466459999999997,-0.77538954,3,WALKING_UPSTAIRS,143
49,0.89124446,0.70702983,0.1222288,-0.061150682000000005,0.90955854,3,WALKING_UPSTAIRS,147
50,0.878983,0.6377268,0.082312603,-0.50728556,-0.97368965,3,WALKING_UPSTAIRS,153
51,0.87333575,0.88838054,0.82330976,0.70359106,-0.52389149,3,WALKING_UPSTAIRS,160
52,0.85919205,0.72137683,-0.83913378,-0.68489578,-0.9339502000000001,3,WALKING_UPSTAIRS,161
53,0.87224429,0.97157308,0.35266809,0.30448195,0.63933792,3,WALKING_UPSTAIRS,172
54,0.8714777,0.88371335,0.88660051,0.7337465999999999,0.9250518,3,WALKING_UPSTAIRS,174
55,0.91900915,0.98549277,-0.67261246,-0.75689147,0.89969657,3,STANDING,193
56,0.93150475,0.96084467,0.5951947,0.39287134,-0.15545788,3,STANDING,196
57,0.8536971,0.82139148,0.88901101,0.5960538000000001,-0.11926395,3,SITTING,207
58,0.83815738,-0.98111539,-0.89013262,0.95725707,0.066204137,3,SITTING,209
59,0.97201228,0.69032337,-0.4795808,0.3009967,-0.1913645,3,SITTING,223
60,-0.2022668,0.97124354,-0.95026257,-0.98428889,0.5365375,3,LAYING,240
61,-0.2244182,0.99294797,-0.99554766,-0.99973866,0.41780971,3,LAYING,246
62,-0.17934607,0.51061829,-0.9348871999999999,-0.76607639,0.67693832,3,LAYING,253
63,0.94026827,0.88835362,0.88740407,0.97091486,-0.85975084,3,WALKING,264
64,0.95666586,0.69478093,0.66940489,0.95527019,0.9463870000000001,3,WALKING_DOWNSTAIRS,293
65,0.95506636,-0.21348293,-0.17485093,0.87610813,0.92499726,3,WALKING_DOWNSTAIRS,294
66,0.94930321,-0.59175579,0.50048891,0.013379239,-0.9926763000000001,3,WALKING_DOWNSTAIRS,295
67,0.95366764,-0.70246044,0.75789116,-0.27753386,0.88321314,3,WALKING_DOWNSTAIRS,296
68,0.94884182,-0.60914697,-0.85689164,0.2749104,-0.94588269,3,WALKING_DOWNSTAIRS,298
69,0.88869362,0.97792462,0.87933534,0.88662596,-0.7113219,3,WALKING_UPSTAIRS,318
70,0.97310374,0.52055017,0.22260188,0.90948332,0.78032217,5,STANDING,24
71,0.9737553,-0.23319626,-0.53304205,-0.56297183,-0.45015361,5,STANDING,26
72,0.74287757,-0.87576742,-0.67898041,0.94155353,-0.078456103,5,SITTING,29
73,0.66143546,0.42414766,-0.95479147,-0.67353053,0.025440632,5,SITTING,38
74,0.95966354,-0.22689631,-0.39806891,0.95925421,-0.44586796,5,SITTING,44
75,-0.49080472,-0.70506417,0.32309,0.35271156,0.34378102,5,LAYING,70
76,-0.48858383,0.47435467,0.35901509,0.75510378,0.26390628,5,LAYING,71
77,-0.48684750000000004,0.86220173,0.6776585999999999,0.40201018,0.13422442,5,LAYING,72
78,0.97113966,0.72770449,-0.14443304,-0.4341678,0.946204,5,WALKING,81
79,0.97693418,-0.075052888,0.16598753,0.10980586,-0.63731319,5,WALKING,84
80,0.97746921,-0.29413542,0.00084116602,0.0009754745699999999,0.62899549,5,WALKING,86
81,0.97238133,0.05051855,-0.44371144,-0.39023634,0.40380156,5,WALKING,90
82,0.93597115,-0.26135955,0.77822886,-0.50702365,-0.88713729,5,WALKING_DOWNSTAIRS,119
83,0.96666538,0.02516467,-0.39044986,0.45405372,-0.8496527,5,WALKING_DOWNSTAIRS,125
84,0.95468145,-0.2690695,0.018591958999999998,0.68973934,-0.74293192,5,WALKING_DOWNSTAIRS,132
85,0.96646207,-0.53594458,-0.10411733,0.33394522,-0.94117501,5,WALKING_DOWNSTAIRS,134
86,0.93707061,-0.0069409155,-0.57645843,0.19144784,-0.75043528,5,WALKING_UPSTAIRS,140
87,0.95903834,0.11105806,0.11767621,0.78940796,0.96613667,5,WALKING_UPSTAIRS,143
88,0.95198934,-0.60684972,-0.97903216,0.48692006,0.68684958,5,STANDING,163
89,0.95326012,-0.88026733,-0.97377228,0.75856201,0.61329368,5,STANDING,164
90,0.96764268,-0.88573148,-0.83236383,0.99246033,0.28486615,5,STANDING,177
91,0.92410109,-0.97294457,0.18072205,-0.3530262,-0.20169334,5,SITTING,188
92,0.91615109,-0.94061498,-0.68433404,0.46582429999999997,0.47212813,5,SITTING,192
93,0.91681584,-0.70169851,-0.98741569,0.60535416,-0.50831622,5,SITTING,198
94,-0.4469464,-0.99765185,0.14886544,-0.10004403,-0.12122793,5,LAYING,210
95,-0.44048097,-0.41127786,0.54434705,-0.98493296,0.014875921,5,LAYING,214
96,-0.46838793,-0.80238593,-0.75762924,0.28888349,-0.035674995,5,LAYING,222
97,0.96548818,-0.44571872,-0.030390376,-0.056092517,0.76160856,5,WALKING,236
98,0.97005268,-0.28394649,-0.06604666599999999,-0.81854891,0.82672466,5,WALKING,240
99,0.96909508,0.9200533999999999,0.66318523,0.83973255,0.88632514,5,WALKING,246
100,0.9692021000000001,0.94368444,-0.18140699999999998,-0.0028077621,0.80817786,5,WALKING,251
101,0.94172475,0.12869560000000002,0.51813755,-0.75679241,0.91638244,5,WALKING_DOWNSTAIRS,259
102,0.91016973,0.77367999,-0.50965285,-0.45929721,-0.90065135,5,WALKING_UPSTAIRS,292
103,0.93791233,0.76100664,-0.42727653,0.22502984,-0.62225106,6,STANDING,22
104,0.93703084,-0.26948526,-0.66609256,0.8975158999999999,-0.16156585,6,STANDING,26
105,0.87866297,-0.9203336999999999,-0.92248069,0.99820323,-0.21893183,6,SITTING,33
106,0.95361571,-0.62783588,-0.98473506,0.49848038,-0.20297920000000003,6,SITTING,49
107,0.96184963,-0.61891936,-0.73652694,-0.07362834,0.091490733,6,SITTING,52
108,-0.48479869,0.33371428,0.52708618,0.85304142,0.47096551,6,LAYING,77
109,-0.48572114,0.78565721,0.6779269,0.98235146,0.012375336,6,LAYING,80
110,0.96686707,0.09840556199999999,-0.12349913,0.65046947,0.92485975,6,WALKING,97
111,0.967447,0.42626604,-0.21931047,-0.86255221,0.83507881,6,WALKING,104
112,0.95953935,0.88817024,-0.7737170999999999,-0.85977756,0.8151569000000001,6,WALKING,105
113,0.96974089,0.015113989,-0.054430774,0.21480288,-0.76437319,6,WALKING,110
114,0.95410053,0.21700332,-0.2448033,0.48249136,0.77223293,6,WALKING,114
115,0.9079501,0.87085105,0.74717404,0.91968127,-0.88567097,6,WALKING_UPSTAIRS,155
116,0.90541885,0.77481864,0.61510531,0.89993547,0.71626542,6,WALKING_UPSTAIRS,156
117,0.91405246,0.74181377,0.19061164,0.22163037,-0.97589494,6,WALKING_UPSTAIRS,160
118,0.90509398,0.55772331,0.42567713,-0.073580649,-0.11781689999999999,6,WALKING_UPSTAIRS,164
119,0.917842,0.77603104,0.98835225,0.68073714,-0.40572948,6,STANDING,184
120,0.92399806,-0.2815442,0.99341981,-0.20668853,-0.2874059,6,STANDING,187
121,-0.57064457,-0.94006573,0.06161766,-0.39189463,0.17610431,6,LAYING,221
122,-0.55049363,0.053582089000000006,-0.30717981,-0.96447709,0.4820126,6,LAYING,230
123,-0.47944305,-0.90748105,-0.25259407,-0.16273509,0.70433551,6,LAYING,248
124,0.95885948,0.024023142,-0.71154512,0.051872478,0.38968979,6,WALKING,254
125,0.9552539000000001,0.48415116,-0.26022486,-0.88875092,-0.91581981,6,WALKING,256
126,0.95751789,-0.62431824,0.22117661,-0.79476296,0.77883566,6,WALKING,259
127,0.92835203,-0.17567513,0.45273346,0.58801522,0.92145239,6,WALKING_DOWNSTAIRS,279
128,0.92158107,-0.65643856,-0.0096955907,0.43884206,-0.81477825,6,WALKING_DOWNSTAIRS,290
129,0.92976154,-0.50415153,0.19423328,0.04639672,0.98381935,6,WALKING_DOWNSTAIRS,295
130,0.92037714,0.07151575,0.90999394,-0.11092012,0.8745716,6,WALKING_UPSTAIRS,311
131,0.89847955,0.71349175,0.42331622,0.35323348,0.51561798,6,WALKING_UPSTAIRS,319
132,0.89821125,0.90315037,0.7548882,0.75204058,-0.84136116,6,WALKING_UPSTAIRS,322
133,0.96164487,0.42262656,0.90214923,0.062650698,0.087729221,7,STANDING,6
134,0.95144183,-0.68023912,0.98499952,-0.60488059,0.81309706,7,STANDING,23
135,0.9506111999999999,-0.43181805,0.96711957,-0.26711785,-0.22359491,7,STANDING,24
136,0.9756514000000001,-0.4575729,0.80317671,0.020159333999999998,0.06945535900000001,7,SITTING,39
137,0.9720754999999999,-0.44050079,0.43594653,0.31005253,0.72636768,7,SITTING,50
138,-0.46578235,-0.72740202,0.35972307,-0.90157723,-0.15920723,7,LAYING,56
139,-0.45701237,-0.53468563,0.30776045,-0.96368205,-0.096671905,7,LAYING,57
140,-0.45838352,0.50530098,-0.71009217,-0.96488057,0.79638305,7,LAYING,59
141,-0.44776162,0.959191,-0.9619235999999999,-0.98915501,0.19409502,7,LAYING,76
142,0.8972732,-0.54461828,-0.60202164,0.97684057,0.62265372,7,WALKING,94
143,0.89511735,0.53814233,0.52526001,0.9749291999999999,0.57340919,7,WALKING,95
144,0.89763476,-0.15457781,-0.65040657,0.78922088,0.68460014,7,WALKING,96
145,0.89410533,0.94728252,0.87316631,0.9730199,-0.057519984,7,WALKING,100
146,0.89703535,0.76255502,-0.082763161,0.44769935,0.37918275,7,WALKING,101
147,0.89593932,0.68415689,0.87330485,0.89968218,-0.23882033,7,WALKING,103
148,0.89554689,0.92009062,0.91182334,0.94598687,0.06742278,7,WALKING,108
149,0.91814083,0.30502647,-0.21028963,-0.26504226,0.96053576,7,WALKING_DOWNSTAIRS,114
150,0.92185523,0.45588625,-0.058677372,0.73880725,0.97846879,7,WALKING_DOWNSTAIRS,124
151,0.78281962,-0.55399513,0.53108164,-0.60900881,0.20294578,7,WALKING_UPSTAIRS,138
152,0.79833017,-0.59481183,0.99476428,-0.54890564,0.98650498,7,WALKING_UPSTAIRS,147
153,0.72206363,0.76083819,-0.65830902,-0.86483635,0.89228821,7,WALKING_UPSTAIRS,161
154,0.9624465,0.96977285,0.98389571,0.95711731,-0.62361247,7,STANDING,166
155,0.96336629,0.61325005,0.59626226,-0.019875438,-0.41564758,7,STANDING,168
156,0.97412855,-0.85436936,-0.82759711,0.81790065,0.21184247,7,SITTING,190
157,0.97413544,-0.44842702,-0.95852195,0.65873359,-0.13032081,7,SITTING,197
158,0.91093668,-1.0,-0.9511294,0.95484337,0.35959802,7,SITTING,199
159,0.96376121,-0.20396081,-0.92275538,0.55039512,0.39006175,7,SITTING,202
160,-0.5566308000000001,0.82041474,-0.77142893,-0.99412402,-0.17937664,7,LAYING,211
161,-0.57402606,0.99951671,-0.96273192,-0.96506776,-0.10879118,7,LAYING,217
162,-0.58526771,0.91843126,-0.75394889,-0.43703889,0.11444141,7,LAYING,220
163,-0.56108025,0.9644325999999999,0.12963099,0.022883882999999997,-0.38527203,7,LAYING,230
164,0.97536591,-0.79282305,-0.88662057,0.93307803,-0.37326274,7,WALKING,236
165,0.95654647,-0.95718527,-0.60337292,0.73349342,0.71626996,7,WALKING,239
166,0.97243613,-0.48087185,-0.29078385,0.86692871,0.90560183,7,WALKING,245
167,0.95821179,-0.366906,0.44050868,-0.71801967,0.59547734,7,WALKING,251
168,0.95148378,-0.26557717,-0.85245045,0.69835141,-0.99568917,7,WALKING_DOWNSTAIRS,268
169,0.94811921,-0.94150859,0.3340288,-0.044909069,0.8788504999999999,7,WALKING_DOWNSTAIRS,278
170,0.87650101,0.59015974,-0.81331588,-0.6968304,0.96868466,7,WALKING_UPSTAIRS,292
171,0.84515222,0.95205059,0.34602026,0.28558117,-0.90970053,7,WALKING_UPSTAIRS,306
172,0.97341658,0.43724747,0.65428064,-0.34370715,0.090037066,8,STANDING,12
173,0.63105437,-0.93700552,0.22508289,0.12416448,0.14809132,8,SITTING,24
174,0.63850059,-0.9932915999999999,-0.98856693,0.97771555,0.18010764,8,SITTING,30
175,0.8467425999999999,-0.99461097,-0.51386654,0.42235825,0.62978498,8,SITTING,31
176,0.88200089,-0.91835914,0.59100103,-0.86131393,0.60564563,8,SITTING,32
177,0.87149473,-0.98358409,-0.96671775,0.93660052,-0.50310475,8,SITTING,38
178,0.8644782,-0.751961,-0.63408329,0.97124391,0.36413359,8,SITTING,44
179,-0.30032733,-0.36471449,-0.713548,-0.39019216,-0.54979451,8,LAYING,45
180,-0.27045841,-0.43335983,-0.88410219,-0.03463258,0.24208144,8,LAYING,48
181,-0.26890825,-0.1416894,-0.94717156,-0.13338745,0.58851415,8,LAYING,49
182,-0.26688994,0.32009224,-0.59740048,-0.8261707,-0.47640612,8,LAYING,53
183,0.95730895,0.97094962,-0.92114467,-0.9049345,-0.87893056,8,WALKING,70
184,0.93494854,0.89248536,-0.54299453,-0.32059897,0.89851253,8,WALKING,76
185,0.9493663,-0.24363426,-0.78774888,-0.1915981,-0.79578711,8,WALKING,79
186,0.95000795,-0.22321424,0.27989568,-0.68098466,0.86765904,8,WALKING,82
187,0.94657915,0.66654899,-0.48406492,-0.0022210726,-0.71833589,8,WALKING,87
188,0.9098421,0.48085716,0.63151176,0.51333248,0.91969652,8,WALKING_UPSTAIRS,120
189,0.91186786,0.9763056999999999,0.95032856,0.9562506,-0.84578755,8,WALKING_UPSTAIRS,122
190,0.90786119,0.45269863,-0.23878987,0.69557404,0.87268976,8,WALKING_UPSTAIRS,127
191,0.90222833,0.67152563,-0.95058498,-0.69569333,0.92993961,8,WALKING_UPSTAIRS,134
192,0.97254016,0.30502270000000004,0.81879025,0.27486259,0.38635599,8,STANDING,139
193,0.97206278,-0.71088097,-0.45957013,0.94759313,0.41787722,8,STANDING,145
194,0.97196148,0.21686129999999998,-0.068430094,0.94671665,-0.35322371,8,STANDING,150
195,0.88636891,0.31559364,0.46009309,0.90835898,-0.017064185,8,STANDING,151
196,0.93618336,0.96331882,0.99909829,0.95741378,-0.31236807,8,STANDING,161
197,0.93597957,0.98513775,0.99946604,0.98338656,-0.057219282,8,STANDING,162
198,0.93180089,0.67039628,0.24908055,-0.44275152,0.35775043,8,STANDING,166
199,0.81973844,-0.96950395,-0.92683004,0.99060949,0.081445063,8,SITTING,167
200,0.77146493,0.29610664,-0.028636687999999997,0.86866287,0.0067462802,8,SITTING,171
201,0.95733505,-0.70793785,-0.94956568,0.55165985,0.60944288,8,SITTING,180
202,-0.40310836,0.98012473,-0.98082757,-0.97636524,0.011447676,8,LAYING,197
203,-0.46414499,0.94173211,-0.95374635,-0.9949051999999999,0.039324314,8,LAYING,203
204,-0.55538334,0.99307609,-0.97489836,-0.98835148,0.39033469,8,LAYING,209
205,0.8715536,0.36254155,0.34392095,-0.010324011,-0.64875426,8,WALKING,227
206,0.87603869,-0.15582472,0.038138363,-0.57029445,0.84247818,8,WALKING,237
207,0.90006661,0.89723085,0.90952049,0.92017323,0.94639081,8,WALKING_DOWNSTAIRS,245
208,0.87758243,-0.16569224,-0.52114911,-0.71798409,0.88592214,8,WALKING_DOWNSTAIRS,251
209,0.88938226,0.49735709,0.70087289,0.53301324,0.80656295,8,WALKING_DOWNSTAIRS,253
210,0.85464659,-0.51699105,0.84098279,-0.89409607,-0.92255854,8,WALKING_UPSTAIRS,262
211,0.76623174,-0.37667514,0.9592799999999999,-0.46746918,-0.89075228,8,WALKING_UPSTAIRS,272
212,0.79283448,0.90818354,0.26854684,0.19659418,0.80840692,8,WALKING_UPSTAIRS,275
213,0.81397997,-0.99839764,0.76070031,-0.73591566,0.11460025,11,SITTING,35
214,0.9271423000000001,0.18177033,-0.28152365,-0.18628459,-0.42203,11,SITTING,41
215,0.92662318,-0.57807094,0.0056400126,-0.75636347,-0.82107277,11,SITTING,44
216,0.92757524,-0.26968277,-0.29734782,0.98837701,-0.03166927,11,SITTING,47
217,-0.13378993,-0.26982264,-0.90205602,0.51947194,-0.20390456,11,LAYING,58
218,-0.12856384,-0.8741412000000001,0.85180348,-0.58916697,0.29010819,11,LAYING,65
219,0.93530873,0.27375463,-0.86776789,-0.45280173,0.87639123,11,WALKING,79
220,0.93543486,-0.13188129999999998,-0.60287405,0.54926613,-0.79916344,11,WALKING,89
221,0.93324563,0.78880592,-0.94217763,-0.61968815,-0.96684439,11,WALKING,94
222,0.9452122,0.63568907,-0.54694778,0.12308523,0.37956099,11,WALKING,99
223,0.88134522,0.38878172,-0.34257014,0.64909815,0.36677882,11,WALKING_UPSTAIRS,135
224,0.87532755,0.43824468,-0.34828937,0.46960758,-0.98539323,11,WALKING_UPSTAIRS,140
225,0.86783787,-0.5786806999999999,-0.81254275,0.46435243,-0.89290686,11,WALKING_UPSTAIRS,148
226,0.88190136,0.92412548,-0.18910763,0.016628214,-0.93573131,11,WALKING_UPSTAIRS,151
227,0.96612721,0.95303339,-0.82583406,-0.80107448,-0.15284215,11,STANDING,172
228,0.96687433,-0.73294458,-0.033417282,0.67570329,-0.56438115,11,STANDING,178
229,0.81504988,-0.36985629,0.66618087,-0.93902411,0.031719044,11,SITTING,183
230,0.8064293,-0.87590684,0.82199141,-0.49501789,-0.41413485,11,SITTING,189
231,0.80812443,-0.95637733,0.67105267,-0.47969551,0.17391665,11,SITTING,193
232,0.95832587,-0.77436123,-0.8820018000000001,0.39151073,-0.2612693,11,SITTING,199
233,0.95536981,0.31157749,-0.54622013,-0.83458468,-0.15528415,11,SITTING,204
234,0.95490148,-0.79767853,-0.24297821,-0.30011472,-0.056881892,11,SITTING,205
235,0.95313472,0.79323686,-0.78170229,-0.68276898,0.015864806000000002,11,SITTING,207
236,-0.10950954,0.81410374,-0.75893073,-0.47367732,0.25743255,11,LAYING,231
237,-0.10988173,0.7729689000000001,0.10984015,0.44075253,-0.21897456,11,LAYING,232
238,-0.11036401,0.60692517,0.052261825,-0.69436996,0.31363647,11,LAYING,234
239,0.95109276,-0.87964854,-0.54773436,0.58497646,-0.66746534,11,WALKING,238
240,0.95184381,0.75888419,0.29346035,0.60627011,-0.34220639,11,WALKING,241
241,0.95799345,0.84901089,-0.34031774,-0.24465734,0.48566688,11,WALKING,261
242,0.94529706,-0.15186511,-0.56474125,0.25562607,-0.99322283,11,WALKING_DOWNSTAIRS,280
243,0.93286932,0.93106416,0.16688567,-0.03641389,-0.96938068,11,WALKING_DOWNSTAIRS,287
244,0.94392161,0.88674272,-0.12017763,-0.21084275,0.95241881,11,WALKING_UPSTAIRS,289
245,0.90649195,0.25795449,-0.86204229,-0.34849544,0.91833702,11,WALKING_UPSTAIRS,305
246,0.90338721,-0.27952509,-0.61999516,0.85015732,0.92630223,11,WALKING_UPSTAIRS,306
247,0.92656734,0.94988145,0.83116201,0.66744737,0.62588512,14,STANDING,6
248,0.93527269,-0.63732509,0.92263759,-0.86824073,-0.19628513,14,STANDING,8
249,0.93755606,0.90678698,0.99702975,0.88298556,0.15729172,14,STANDING,9
250,0.87569516,0.9521951999999999,0.97726219,0.86939391,-0.14459717,14,STANDING,25
251,0.87753227,0.9059875,0.48871259,0.078989502,-0.53245102,14,STANDING,26
252,0.97219623,0.75856953,-0.9229525,-0.62892441,0.2716406,14,SITTING,41
253,0.96638016,0.75446508,0.93933995,0.89699665,0.56200841,14,SITTING,45
254,0.96548664,-0.15167852,0.35937755,0.86092004,-0.087518623,14,SITTING,46
255,0.96586022,-0.48233408,0.19158649,0.58756829,0.158807,14,SITTING,52
256,0.96542861,-0.82068402,0.46446753,-0.78092983,-0.19690106,14,SITTING,56
257,-0.22917039,-0.9979273999999999,0.74297946,-0.76413925,0.14305672,14,LAYING,63
258,0.83332329,0.59257111,0.20225669,0.40890482,0.38376528,14,WALKING,102
259,0.83327246,0.42397729,0.34559518,-0.59437066,-0.85609219,14,WALKING,104
260,0.8239947,-0.53235416,0.28637108,-0.88535217,-0.20896062,14,WALKING,108
261,0.85335329,0.74638049,0.85228362,0.42952884,-0.90468247,14,WALKING_DOWNSTAIRS,119
262,0.82457312,0.28657978,-0.21980126,0.79780604,0.85523892,14,WALKING_DOWNSTAIRS,124
263,0.82086427,0.72435553,0.34393582,0.77059437,0.82931552,14,WALKING_DOWNSTAIRS,125
264,0.77218995,0.51828437,-0.27230326,-0.9429788,-0.96292789,14,WALKING_UPSTAIRS,145
265,0.71723635,0.83595875,0.45368665,-0.062034065,-0.91535245,14,WALKING_UPSTAIRS,150
266,0.7003556,-0.073781943,0.13828389,-0.90159783,0.7661914000000001,14,WALKING_UPSTAIRS,160
267,0.7148745,0.24696601,-0.46854795,-0.007798695600000001,0.63567618,14,WALKING_UPSTAIRS,162
268,0.86230671,0.97211727,0.98488554,0.92064597,0.09335096699999999,14,STANDING,169
269,0.8626537000000001,0.89500346,0.98075807,0.79554398,0.030132362000000003,14,STANDING,170
270,0.96125866,-0.30280566,-0.8989119000000001,-0.0061565978,-0.024700582000000002,14,SITTING,197
271,0.95882606,-0.99138702,-0.94164441,0.97568994,0.48989377,14,SITTING,204
272,0.95627107,-0.92897576,0.20726201,-0.068641917,-0.13710237,14,SITTING,206
273,0.85076469,0.86298076,0.84092407,0.58941805,0.35044063,14,SITTING,208
274,-0.053738575999999996,0.94338843,-0.90636931,-0.98373649,-0.077661643,14,LAYING,240
275,0.76403815,0.53212242,0.033165695,-0.73753464,0.62615935,14,WALKING,266
276,0.78335173,0.58720398,0.54775565,-0.29290451,0.39648133,14,WALKING,275
277,0.75916486,0.78136657,0.5291087,-0.09052741199999999,-0.18786914,14,WALKING_DOWNSTAIRS,286
278,0.65699617,-0.83324353,0.8339254999999999,-0.9896497,0.70922585,14,WALKING_UPSTAIRS,303
279,0.71361337,0.058557702999999996,0.60067971,-0.61947792,-0.96439413,14,WALKING_UPSTAIRS,306
280,0.67537877,-0.65213785,0.54543018,-0.95581559,-0.70254275,14,WALKING_UPSTAIRS,308
281,0.64464286,-0.86600167,0.87978484,-0.97711284,-0.98600174,14,WALKING_UPSTAIRS,317
282,0.9613931,0.075540858,-0.14902009,0.96878907,0.22872648,15,STANDING,8
283,0.96225932,-0.97805108,-0.98660004,0.99234286,0.23158536,15,STANDING,12
284,0.76068529,-0.92200745,-0.81266142,0.69357548,-0.050282941,15,SITTING,34
285,-0.14633837,-0.79590423,-0.42032634,-0.18565745,-0.65525852,15,LAYING,88
286,0.94542534,0.17931618,0.24871611,0.86626693,0.024878665,15,WALKING,92
287,0.95745585,0.90850667,0.78099708,0.87090416,-0.61337042,15,WALKING,106
288,0.95164801,-0.86399286,-0.87489006,0.88771421,-0.88788969,15,WALKING,109
289,0.94957752,0.76526907,-0.047400089000000006,-0.23615181,-0.11658841,15,WALKING,111
290,0.94482541,0.94483138,0.54558624,0.48772303,0.62389962,15,WALKING_DOWNSTAIRS,121
291,0.93542195,0.42540218,-0.3800752,-0.74361555,0.94003879,15,WALKING_DOWNSTAIRS,126
292,0.9525210999999999,-0.22796819,0.13428173,0.62345628,0.84732305,15,WALKING_DOWNSTAIRS,128
293,0.90864854,0.71745601,0.70012662,0.48962596,-0.82217558,15,WALKING_UPSTAIRS,143
294,0.94452572,0.92266283,0.84857486,0.97563532,-0.98548496,15,WALKING_UPSTAIRS,154
295,0.89053327,0.61400372,-0.56729408,-0.12407457,-0.92211491,15,WALKING_UPSTAIRS,156
296,0.91711966,-0.46031839,-0.91304361,0.66820577,0.90977452,15,WALKING_UPSTAIRS,160
297,0.97611072,0.50995881,-0.9834004999999999,-0.41989537,0.80899483,15,STANDING,165
298,0.95964143,-0.92173161,-0.54877746,0.82682035,-0.34935426,15,SITTING,210
299,0.9592431999999999,-0.9803396000000001,0.93906101,-0.95981776,-0.22367005,15,SITTING,211
300,0.95833298,-0.50949623,0.53178378,-0.92309513,-0.23016967,15,SITTING,212
301,-0.21106170000000002,0.90380041,0.98868145,0.94503163,0.33163504,15,LAYING,233
302,-0.22151729,0.98663543,0.90130152,0.93910185,-0.3085027,15,LAYING,236
303,-0.13621988,-0.038613464,0.79928787,0.56565905,-0.31249149,15,LAYING,239
304,-0.14261962,-0.22486068,-0.14812887,0.88780066,0.25548515,15,LAYING,241
305,-0.07910208099999999,-0.43011038,-0.45104009,0.9898353999999999,-0.52634969,15,LAYING,249
306,0.96998877,0.47993718,0.62670235,0.81062559,0.83699136,15,WALKING,265
307,0.94760132,-0.15521558,-0.56815763,0.3045485,-0.97853373,15,WALKING,268
308,0.96425164,0.673838,-0.75089948,-0.37311545,-0.11819292,15,WALKING,282
309,0.908963,0.23872481,-0.78590566,0.08507406599999999,0.90410304,15,WALKING_UPSTAIRS,311
310,0.9491582000000001,-0.22537764,0.93938343,-0.047183022000000005,0.40486814,16,STANDING,3
311,0.94473061,-0.12531683,0.28727493,0.023633448999999997,-0.27726804,16,STANDING,8
312,0.96544673,0.5259234,0.56172016,0.99789275,0.66541966,16,SITTING,55
313,0.96766227,0.92880128,0.98258308,0.94617999,-0.45945432,16,SITTING,59
314,-0.07498215,0.2905895,-0.99739277,-0.31895182,-0.088298734,16,LAYING,72
315,-0.085134395,0.73604018,-0.77887098,-0.99199045,-0.18484771,16,LAYING,101
316,0.90503457,0.082115852,0.36850875,-0.16603841,-0.37694857,16,WALKING,114
317,0.90960413,-0.72170097,-0.9301459000000001,0.70857801,0.46905109999999994,16,WALKING,117
318,0.91165131,0.10294352,-0.25207914,-0.05698059900000001,0.8741924000000001,16,WALKING,119
319,0.91465643,-0.78516629,-0.51948343,0.41439766,-0.93808679,16,WALKING_DOWNSTAIRS,135
320,0.96263903,-0.99380213,0.99691525,-0.99907657,0.30204248,16,STANDING,185
321,0.95961266,-0.79017135,0.22642326,0.35904839,0.82367763,16,STANDING,191
322,0.96246731,0.54311616,0.83740212,0.035928666,-0.79518759,16,STANDING,193
323,0.96118275,-0.87895491,0.82631763,-0.95910292,-0.2998857,16,STANDING,199
324,0.94964266,-0.8383568000000001,0.7678186,-0.9914896000000001,-0.56643717,16,STANDING,213
325,0.94474225,0.10663559,0.90327735,0.51286444,-0.02187095,16,STANDING,218
326,0.90223295,0.98661258,-0.99654016,-0.99142585,0.07980894,16,SITTING,228
327,-0.29477177,-0.86499693,-0.90774808,0.99258941,-0.077347976,16,LAYING,260
328,-0.36640263,-0.99888521,-0.94896987,0.93212445,0.20797816,16,LAYING,278
329,0.93866727,-0.89636469,0.91930202,-0.88551158,-0.25360594,16,WALKING,317
330,0.92476031,-0.7397014000000001,-0.14448451,0.18849527,0.69926785,16,WALKING_DOWNSTAIRS,323
331,0.93864753,-0.9467681,-0.96428796,0.93493062,0.27691993,16,WALKING_DOWNSTAIRS,336
332,0.83321066,0.53820511,0.60544385,0.64564276,-0.82362709,16,WALKING_UPSTAIRS,356
333,0.91203922,0.97660924,0.98070973,0.92536048,-0.57699608,17,STANDING,6
334,0.90907291,0.88734608,0.99065082,0.93981386,-0.14621678,17,STANDING,9
335,0.90743363,0.70297779,0.91798028,0.86607152,0.30610932,17,STANDING,11
336,0.90844979,0.67633848,-0.1003735,0.66142857,-0.20746622,17,STANDING,18
337,0.90793053,0.9536753000000001,0.87979811,0.90632165,0.63914484,17,STANDING,20
338,0.90914513,0.97460376,0.91887413,0.96963762,-0.37083041,17,STANDING,22
339,0.86559246,0.90879408,0.9879015,0.83453862,0.88881869,17,STANDING,35
340,0.8615473,-0.22059978,0.89402437,-0.63319789,-0.44526961,17,STANDING,42
341,0.96718027,0.14272746,0.79544489,-0.47466262,0.25118081,17,SITTING,45
342,0.96256781,-0.14851938,-0.042859545,0.98496723,0.081060311,17,SITTING,55
343,0.88616316,0.66949224,0.99929482,0.69115156,-0.21601057,17,SITTING,65
344,0.88163618,0.99938133,0.9952450999999999,0.99579231,-0.6311821,17,SITTING,66
345,0.88069417,0.9942844999999999,0.90325991,0.90809144,-0.52464497,17,SITTING,67
346,0.88127941,0.993605,0.98621423,0.9970739,0.012208878999999999,17,SITTING,71
347,-0.20324509,-0.41717588,0.34829741,-0.99725458,-0.35446505,17,LAYING,85
348,-0.21540478,-0.20558767,0.11647773,-0.99265913,0.36846083,17,LAYING,96
349,-0.21373606,0.52242671,-0.48028760000000004,-0.99875305,0.15655136,17,LAYING,97
350,-0.21726817,-0.8857912,0.82303063,-0.99235985,0.053812948,17,LAYING,103
351,-0.22183312,-0.76940473,0.52929421,-0.94638314,-0.13687792,17,LAYING,104
352,-0.22149019,-0.99308879,0.99360148,-1.0,-0.17334155,17,LAYING,105
353,-0.21685462,0.39488998,-0.42810223,-0.9957253,0.013729365,17,LAYING,111
354,0.93250392,-0.11564276,0.39560162,-0.22195720000000002,0.34467514,17,WALKING,119
355,0.94041962,-0.1960521,-0.36765106,-0.093953071,-0.91018073,17,WALKING,123
356,0.93596236,0.22610845,0.54302941,0.24940112,0.70880941,17,WALKING,135
357,0.94172013,-0.72521644,0.55618334,-0.69694393,-0.60269714,17,WALKING,141
358,0.94108208,0.28020671,-0.58219965,-0.75583423,-0.76792927,17,WALKING_DOWNSTAIRS,149
359,0.84622807,-0.92116218,0.88433165,-0.98244356,0.45823304,17,WALKING_UPSTAIRS,156
360,0.9213799000000001,0.92739405,-0.81406491,-0.78613197,-0.92138815,17,WALKING_DOWNSTAIRS,166
361,0.90201304,0.26611718,0.94411077,0.10247758,-0.91469688,17,WALKING_DOWNSTAIRS,177
362,0.91983995,0.74942522,-0.65895419,-0.8208871999999999,-0.91225867,17,WALKING_DOWNSTAIRS,181
363,0.88427291,0.97676686,0.71494875,0.75707425,0.99241059,17,WALKING_UPSTAIRS,183
364,0.93438636,0.64753979,-0.84750395,-0.32666266,-0.56019793,17,STANDING,191
365,0.92172015,0.96704702,0.99841381,0.95276698,0.30184706,17,STANDING,210
366,0.91717017,0.86321553,0.98811545,0.78694278,0.43180472,17,STANDING,211
367,0.96635272,-0.80982558,-0.90391362,0.97164056,-0.19496158,17,SITTING,238
368,0.96565412,0.93455476,0.94785472,0.9979627000000001,0.07084752799999999,17,SITTING,250
369,0.96643403,0.94958088,0.97791931,0.99233221,0.18469756,17,SITTING,255
370,-0.14746611,0.3080888,-0.8136909000000001,-0.80016987,-0.043068953,17,LAYING,259
371,-0.17687302,0.9899631999999999,-0.98824173,-0.99607557,-0.73526959,17,LAYING,271
372,-0.20715318,0.98605258,-0.99080397,-0.9872747,0.32113207,17,LAYING,277
373,-0.20964037,0.97204532,-0.99659298,-0.98495502,0.54157552,17,LAYING,279
374,-0.20729261,0.99456754,-0.99956997,-0.99441754,-0.62816573,17,LAYING,285
375,0.92224003,0.44642721,0.81053613,0.37418163,0.61656858,17,WALKING,307
376,0.90866328,0.61999605,-0.09870400300000001,-0.44521887,0.95517764,17,WALKING,314
377,0.9394499,0.72068122,0.78958792,0.57724477,-0.86664775,17,WALKING_DOWNSTAIRS,335
378,0.90467161,0.49831633,0.030492987000000003,-0.8065507,-0.9542219999999999,17,WALKING_UPSTAIRS,337
379,0.84134208,0.96666457,0.69879929,0.70832547,0.95547987,17,WALKING_UPSTAIRS,344
380,0.84493535,0.10361478,0.78687414,0.4762563,-0.819476,17,WALKING_UPSTAIRS,350
381,0.94763827,0.7422019,0.33281102,0.6087047,0.87197455,17,WALKING_DOWNSTAIRS,366
382,0.93905762,0.99255311,-0.96068164,-0.93338745,-0.042915475,19,STANDING,15
383,0.37564951,0.97873533,-0.99640549,-0.98906544,0.31245275,19,SITTING,45
384,0.36346602,-0.88813827,-0.89737012,0.62482375,0.18112371,19,SITTING,51
385,0.36112418,-0.7900909,-0.87260763,0.87003855,0.016080396,19,SITTING,57
386,0.81405803,-0.31308203,-0.52395605,-0.08202813,-0.20087463,19,SITTING,63
387,0.76475283,-0.93560899,-0.74510696,0.46129621,0.0861968,19,SITTING,66
388,0.76292973,-0.66719845,-0.976922,0.51633491,-0.36341315,19,SITTING,74
389,-0.47518809,0.55467381,-0.022501791,-0.84167466,-0.51804498,19,LAYING,86
390,-0.47615481,0.70608387,-0.35843392,0.349487,0.91809923,19,LAYING,95
391,-0.49683777,0.9698464,-0.97022576,-0.99991522,-0.59957908,19,LAYING,101
392,-0.52018564,-0.80537145,0.83665893,-0.68140788,0.52656415,19,LAYING,118
393,0.93808459,-0.15264991,0.59299677,-0.56638318,-0.57606341,19,WALKING,126
394,0.92798365,-0.052028613,0.10832532,0.71650117,-0.32713319,19,WALKING,136
395,0.96285838,0.56373417,-0.80990547,-0.90985247,0.4391127,19,WALKING,139
396,0.90904059,0.24755154,0.11656486,0.82599643,0.95572102,19,WALKING,146
397,0.92175038,-0.65875723,-0.11115356,0.73990939,0.88543165,19,WALKING_DOWNSTAIRS,147
398,0.90670605,0.31295500000000004,0.48989589,0.79917215,0.91638695,19,WALKING_DOWNSTAIRS,158
399,0.86150641,0.61327532,0.93693672,0.42596931,-0.82945166,19,WALKING_UPSTAIRS,169
400,0.95619907,0.02041214,-0.022779061,0.98001089,0.64104822,19,STANDING,195
401,0.96444492,-0.85634897,-0.66986451,0.93568979,-0.75016087,19,STANDING,204
402,0.17990516,-0.99467645,-0.98432909,0.98541031,0.22945126,19,SITTING,230
403,0.91397416,-0.79399762,-0.37425933,0.83336395,-0.36577767,19,SITTING,237
404,0.89085137,-0.9989224,-0.82138895,0.81018215,0.05689626,19,SITTING,249
405,-0.82424454,-0.56887415,0.016710986,-0.82743217,0.22329992,19,LAYING,257
406,-0.93008294,0.92324695,0.45482377,0.078562497,0.42004284,19,LAYING,279
407,-0.85103848,0.98829025,0.47661037,0.38591771,0.30620403,19,LAYING,283
408,-0.8558836999999999,0.84366512,-0.08559220000000001,-0.58974343,0.30280399,19,LAYING,284
409,0.94228667,-0.66980743,0.12310555,-0.30922772,0.77135605,19,WALKING,302
410,0.92965821,-0.65203177,-0.32909593,0.61360043,-0.88870098,19,WALKING,307
411,0.95778471,0.48196785,0.45098809999999995,0.97697687,-0.44825934,19,WALKING,312
412,0.93392228,0.20943452,0.42469569,0.40624419,0.52027544,19,WALKING,317
413,0.88451277,-0.068510261,0.33255695,-0.36170906,0.67228136,19,WALKING_DOWNSTAIRS,333
414,0.77297413,-0.74874887,0.79008582,-0.7363371999999999,0.89413196,19,WALKING_UPSTAIRS,348
415,0.65925708,0.80249731,0.53143279,0.86999591,0.71247435,19,WALKING_UPSTAIRS,359
416,0.89530869,0.46931768,0.76316988,-0.10459132,0.62887058,21,STANDING,3
417,0.89950738,0.93062432,-0.38937664,-0.69512654,0.46755408,21,STANDING,6
418,0.90494471,0.94805087,0.969867,0.99107514,-0.06683007,21,STANDING,14
419,0.93487576,-0.83655986,0.57356586,-0.90460674,-0.34968125,21,SITTING,63
420,0.9759921999999999,0.8166485,0.61794761,0.62613585,-0.17292039,21,SITTING,78
421,0.97466275,0.8890773999999999,-0.29747132,-0.61176536,-0.21955672,21,SITTING,84
422,-0.1154295,0.9967173,-0.97535637,-0.95897719,0.10391236,21,LAYING,98
423,-0.12416630000000001,0.98992637,-0.98109364,-0.99756394,0.40336545,21,LAYING,104
424,-0.21807965,0.96335511,-0.98321363,-0.9168120000000001,0.31783784,21,LAYING,121
425,-0.21935617,0.99106667,-0.9912074000000001,-0.99238717,0.88002226,21,LAYING,135
426,0.86774788,0.88625954,-0.39027235,-0.52795641,0.80468667,21,WALKING,137
427,0.87131192,0.83783853,0.13895637,0.51237444,-0.45535457,21,WALKING,144
428,0.86395877,-0.33622608,-0.16698868,0.74531164,-0.40007242,21,WALKING,149
429,0.86067943,0.84790179,-0.2528297,-0.64058589,0.67201206,21,WALKING,155
430,0.8448238000000001,0.42843395,0.1915782,0.18269227,-0.62240246,21,WALKING,163
431,0.86836396,0.23978415,0.022807977000000004,-0.58048,0.93347679,21,WALKING_DOWNSTAIRS,173
432,0.76495978,0.13252547,-0.30125308,0.74786207,-0.95474853,21,WALKING_UPSTAIRS,182
433,0.77788076,0.85234498,0.24904584,0.53601766,0.91324072,21,WALKING_UPSTAIRS,195
434,0.8881319999999999,0.28495439,0.20498760000000002,-0.28735459,-0.96984883,21,WALKING_DOWNSTAIRS,203
435,0.80153666,0.97682936,0.89956968,0.84106564,0.9444663000000001,21,WALKING_UPSTAIRS,205
436,0.76459836,0.91824081,-0.54798429,-0.50671602,0.90769675,21,WALKING_UPSTAIRS,210
437,0.88303152,0.99285654,0.35963819,0.44604916,-0.72133834,21,STANDING,213
438,0.87766154,-0.33338313,0.85466249,-0.61091914,0.42772263,21,STANDING,238
439,0.86962631,0.99839229,0.99396258,0.99029655,-0.68238513,21,STANDING,243
440,0.87105686,0.99296875,0.93093642,0.96392809,-0.28635678,21,STANDING,247
441,0.86683416,0.95544848,0.99575777,0.95612676,-0.25361495,21,STANDING,253
442,0.86667072,-0.95159457,0.48479021,-0.59289229,0.20721589,21,SITTING,259
443,0.86970237,-0.7599925999999999,-0.89297337,0.42358742,-0.028551367,21,SITTING,261
444,0.86876727,-0.97312795,-0.94778999,0.98634077,-0.14377011,21,SITTING,262
445,0.97294833,0.52902507,-0.66107277,-0.96746207,-0.033570324,21,SITTING,289
446,-0.19033229,0.79905726,-0.76188984,-0.92056581,0.12640238,21,LAYING,294
447,-0.15040333,0.88246678,-0.98803124,-0.81410519,0.38208787,21,LAYING,307
448,-0.20532653,-0.4563464,0.45607215,-0.9667459999999999,0.28930891,21,LAYING,319
449,-0.22163449999999998,0.99301282,-0.98770897,-0.99082858,-0.43091334,21,LAYING,333
450,-0.22842666,0.98468931,-0.99988284,-0.98175457,-0.38025891,21,LAYING,339
451,0.85761436,0.99468599,0.067793328,0.032869735,0.29713878,21,WALKING,341
452,0.86197642,0.72635539,0.84649135,0.86101341,-0.55403701,21,WALKING,364
453,0.87927026,0.68943719,0.91969676,0.60346836,0.82514342,21,WALKING_DOWNSTAIRS,376
454,0.85392324,0.81749613,0.74571231,0.28597355,-0.96037685,21,WALKING_UPSTAIRS,380
455,0.7735312,0.97467103,0.74760991,0.63285063,-0.93627264,21,WALKING_UPSTAIRS,382
456,0.75308048,-0.34338075,0.28186936,-0.43063155,0.45575816,21,WALKING_UPSTAIRS,385
457,0.83959595,0.18776846,0.3089302,0.98491763,0.92501292,21,WALKING_DOWNSTAIRS,395
458,0.8641681999999999,-0.75233968,-0.28755255,0.79937065,0.88617384,21,WALKING_DOWNSTAIRS,396
459,0.95989674,0.97762683,0.8094059,0.9044599,0.85446974,22,STANDING,10
460,0.95928884,0.97249175,-0.26779712,-0.068460675,0.51760349,22,STANDING,11
461,0.68414505,0.7107772,-0.29691535,0.41876924,0.028546082999999996,22,SITTING,33
462,0.67438778,-0.977342,-0.9933358,0.98986722,-0.58550877,22,SITTING,35
463,0.89832715,-0.99934117,-0.99889893,0.99830726,-0.0030122839,22,SITTING,62
464,-0.29013269,-0.57685528,0.28894814,-0.57853541,-0.28158726,22,LAYING,98
465,-0.28786033,-0.22362286,0.42272396,-0.94351633,-0.59518665,22,LAYING,99
466,0.94082874,0.82228889,-0.72473805,-0.64793128,0.14114202,22,WALKING,104
467,0.94815795,-0.89058631,0.37332603,-0.14712301,-0.6568845,22,WALKING,117
468,0.94692006,-0.30525440000000004,-0.92235915,0.046885095,0.95289705,22,WALKING_DOWNSTAIRS,125
469,0.93882263,-0.047775435,-0.17101882,0.85887882,0.93522991,22,WALKING_DOWNSTAIRS,132
470,0.89071097,0.63994828,0.58919028,0.45884682,-0.96335379,22,WALKING_UPSTAIRS,144
471,0.88558453,0.94203021,0.84613173,0.75614031,-0.87838224,22,WALKING_UPSTAIRS,157
472,0.90744548,0.17400251,0.13693262,0.19430877,0.96340062,22,WALKING_UPSTAIRS,160
473,0.9523520000000001,0.97022159,0.6672305000000001,0.82506429,-0.16135042,22,STANDING,188
474,0.95208119,0.78405914,0.044077829000000006,0.65075307,-0.13972147,22,STANDING,194
475,0.95099395,-0.94172841,-0.99481144,0.91754955,0.27816294,22,SITTING,223
476,-0.64868579,0.45676437,0.94783735,0.18028718,-0.027622817999999997,22,LAYING,231
477,-0.58596166,0.42154179999999997,-0.40713366,-0.99348957,0.59182505,22,LAYING,243
478,-0.30911047,0.93689461,-0.92514255,-0.75922969,-0.13218665,22,LAYING,254
479,-0.35553816,-0.46402973,-0.14892946,0.12504142,0.32692496,22,LAYING,258
480,0.93776978,0.9790249,0.87403057,0.85310942,-0.95505329,22,WALKING,272
481,0.92848974,0.31285964,0.96744333,0.22840327,0.92517763,22,WALKING_DOWNSTAIRS,286
482,0.91424989,0.83224423,0.95969045,0.89762878,-0.93509076,22,WALKING_DOWNSTAIRS,288
483,0.91479995,0.88767163,0.42127929,0.00047615176,-0.95970545,22,WALKING_UPSTAIRS,301
484,0.8595771999999999,-0.80576438,0.27143999,-0.66008553,0.87879454,22,WALKING_UPSTAIRS,314
485,0.91109068,0.97640122,0.87977547,0.89465847,0.96175375,22,WALKING_UPSTAIRS,315
486,0.85014076,0.83484808,0.31602365,0.33951976,0.75425721,22,WALKING_UPSTAIRS,320
487,0.91681803,0.6272396,0.94901187,0.39142083,0.80688599,23,STANDING,33
488,0.91662006,-0.78954479,-0.28858095,0.71592977,0.65062233,23,SITTING,46
489,0.96606844,0.61239501,0.67682806,0.35584842,-0.20683263,23,SITTING,67
490,-0.35945153,-0.99000614,-0.17451264,0.24856331,-0.06032471,23,LAYING,74
491,-0.38363548,-0.89963208,-0.84538186,0.68831795,0.27120766,23,LAYING,81
492,-0.37136729,0.93644309,-0.85410609,-0.81338532,0.18565136,23,LAYING,99
493,0.95104748,0.068079751,0.95489429,-0.14008408,0.91338792,23,WALKING,105
494,0.92699948,0.48513216,-0.2219471,0.61802838,-0.577446,23,WALKING,123
495,0.8745616,0.36371436,0.44588059999999996,-0.38983531,-0.86310307,23,WALKING_UPSTAIRS,146
496,0.82194884,0.74259646,0.86539831,0.78596281,0.89399777,23,WALKING_UPSTAIRS,151
497,0.9345711999999999,0.84192958,-0.033114482,0.31721950000000004,0.94394914,23,WALKING_DOWNSTAIRS,156
498,0.92086779,0.0059010919,-0.95996724,-0.10584827,-0.54663524,23,WALKING_DOWNSTAIRS,157
499,0.91909203,0.39658241,-0.095859304,0.37558626,0.68777469,23,WALKING_DOWNSTAIRS,158
500,0.85798877,0.90615554,0.99862764,0.91027382,-0.88438253,23,STANDING,211
501,0.88529227,-0.91269398,-0.906964,0.9706482,0.38744389,23,SITTING,226
502,0.96503532,0.79331026,0.96731652,0.90499499,-0.40352921,23,SITTING,241
503,0.93238807,0.05225752400000001,-0.14443333,0.92998121,-0.93825319,23,WALKING,295
504,0.92642282,-0.51165873,0.95811664,-0.44906587,-0.16299502,23,WALKING_DOWNSTAIRS,321
505,0.91296012,0.33922378,0.37578438,-0.48053745,0.88481225,23,WALKING_DOWNSTAIRS,323
506,0.93207028,-0.73423661,-0.86460959,0.62267253,-0.88363752,23,WALKING_DOWNSTAIRS,336
507,0.90639288,0.68652558,0.033305748999999996,0.074691849,-0.78060841,23,WALKING_DOWNSTAIRS,344
508,0.85901817,0.28464394,0.7594163,-0.32262108,-0.92959057,23,WALKING_UPSTAIRS,349
509,0.81440455,0.18208418,-0.29427753,0.35642436,-0.24830412,23,WALKING_UPSTAIRS,359
510,0.90062735,0.46345475,-0.52447441,0.49816854,-0.69332881,25,STANDING,19
511,0.8912268,-0.18511848,-0.99875002,0.17537192,-0.42816546,25,STANDING,25
512,0.8902875,-0.83458023,-0.95163704,0.68197766,0.14920418,25,STANDING,27
513,0.88920587,0.80183234,-0.73343821,-0.26144759,0.74607809,25,STANDING,28
514,0.8910070999999999,0.19312303,-0.95020484,-0.025448456,-0.43230726,25,STANDING,36
515,0.64603822,-0.98018328,0.011460834,0.18728729,0.011281035,25,SITTING,38
516,0.6320234,0.89308525,0.38815908,0.72770114,0.36483541,25,SITTING,42
517,0.6415013,-0.80495569,-0.88948834,0.51643312,0.1889926,25,SITTING,53
518,0.90198989,-0.67699631,-0.8676758,0.22122285,0.40256476,25,SITTING,55
519,0.89142286,-0.84071933,-0.95971762,0.95715128,-0.1054484,25,SITTING,71
520,-0.80837193,0.94548209,-0.99769012,-0.93839559,-0.14692545,25,LAYING,78
521,-0.28324439,0.88052912,-0.8512493,-0.9875120000000001,0.59727659,25,LAYING,95
522,0.90433363,0.75762423,-0.97906626,-0.73486082,0.77645859,25,WALKING,107
523,0.91138734,0.85568198,-0.91428075,-0.76968104,0.051175472,25,WALKING,119
524,0.91437706,-0.39554745,-0.8205179,0.79050778,-0.78911806,25,WALKING,121
525,0.90549307,-0.03053601,-0.93416847,0.051021605,-0.87464138,25,WALKING,133
526,0.90625393,-0.022507983,-0.90284746,-0.026373254,-0.71357475,25,WALKING,134
527,0.88509195,-0.85005461,-0.77216998,0.96823401,0.12868741,25,WALKING_DOWNSTAIRS,141
528,0.90906656,0.66214281,-0.30823315,0.34114268,0.22863246,25,WALKING_DOWNSTAIRS,145
529,0.90915958,0.70864663,-0.059606209,0.5317416,0.88276516,25,WALKING_DOWNSTAIRS,146
530,0.90205621,-0.03565372,-0.44016278,0.55620513,-0.93787481,25,WALKING_DOWNSTAIRS,147
531,0.90294103,0.85465135,-0.39499422,-0.51135314,0.89122519,25,WALKING_DOWNSTAIRS,153
532,0.89346991,-0.82711993,-0.9207632,0.77275541,-0.81848446,25,WALKING_DOWNSTAIRS,160
533,0.91526517,0.5751291999999999,-0.92766753,-0.71959014,-0.90488716,25,WALKING_UPSTAIRS,174
534,0.92239999,0.98151945,-0.98199798,-0.9752368,0.87363274,25,WALKING_UPSTAIRS,188
535,0.91091477,0.7146718000000001,-0.94696083,-0.8607792999999999,0.42779167,25,WALKING_UPSTAIRS,204
536,0.95702301,0.27975904,-0.30174645,0.78436143,-0.22746372,25,STANDING,207
537,0.96627115,0.55928008,-0.85068031,-0.069134431,-0.31630064,25,STANDING,234
538,0.97124273,-0.91587646,0.86210474,-0.6638786,0.08749919199999999,25,SITTING,245
539,0.9727889000000001,0.56393905,0.68373608,0.97126624,-0.084338121,25,SITTING,248
540,-0.11144558,0.91477482,0.72842429,0.94168358,0.052381299000000006,25,LAYING,301
541,-0.43469480000000005,0.49581208,-0.56862733,-0.99536853,0.033147763999999996,25,LAYING,308
542,0.96716491,0.75314286,-0.60345764,-0.52964278,0.93338681,25,WALKING,318
543,0.96538446,-0.11809623,-0.21660195,-0.76037694,0.050659743,25,WALKING,326
544,0.96288802,0.53364513,-0.59166824,-0.87642814,-0.85221225,25,WALKING,331
545,0.95911632,-0.35023299,0.40835571,-0.93225498,0.86974846,25,WALKING,339
546,0.96669849,0.80148265,0.30836451,0.5120747999999999,-0.357218,25,WALKING,345
547,0.97335828,-0.30478965,-0.008977401999999999,-0.38095698,-0.85159553,25,WALKING_DOWNSTAIRS,360
548,0.97268473,-0.4117448,-0.17433396,-0.63308972,0.91789041,25,WALKING_DOWNSTAIRS,364
549,0.96208533,0.21327431,-0.34478827,0.20301442,0.97052187,25,WALKING_DOWNSTAIRS,372
550,0.94664227,0.94944252,0.73881807,0.62003204,-0.99035937,25,WALKING_UPSTAIRS,391
551,0.93614548,0.66360814,-0.73552587,-0.87129186,-0.57210726,25,WALKING_UPSTAIRS,396
552,0.96688841,0.91974018,-0.52267778,-0.30863644,-0.3261699,26,STANDING,28
553,0.96881227,-0.49723332,0.006414675799999999,-0.76307655,0.24051204,26,STANDING,34
554,0.39877142,-0.93646472,-0.99092819,0.8805948,0.10054672,26,SITTING,44
555,0.40018899999999996,0.26109783,-0.8084946,0.33035145,0.22934266,26,SITTING,53
556,0.40756616,0.96936415,-0.94141029,-0.84967731,-0.22973214,26,SITTING,59
557,-0.64507368,0.94902812,-0.086002531,0.21171719,0.67692798,26,LAYING,87
558,-0.64146485,0.80611796,-0.70443864,-0.98705242,-0.2024485,26,LAYING,90
559,-0.70027804,-0.72100309,-0.094746563,-0.54569045,0.44742164,26,LAYING,104
560,-0.70842726,0.31911118,-0.41383337,-0.94709285,0.54746366,26,LAYING,109
561,0.95886814,0.22430895,-0.36818004,0.070296229,-0.23736218,26,WALKING,117
562,0.96719684,0.81603021,0.17599817,0.42858258,0.70339265,26,WALKING,123
563,0.95749233,-0.29708834,-0.60422967,0.22176665,-0.96906911,26,WALKING,128
564,0.96661307,0.20841363,0.064567318,0.81410789,0.053632541,26,WALKING,140
565,0.9338921,-0.70398599,-0.82088311,0.85183028,0.86715663,26,WALKING_DOWNSTAIRS,158
566,0.93109384,-0.5995701,0.49524948,-0.84248949,-0.95919767,26,WALKING_DOWNSTAIRS,160
567,0.93751706,0.86828897,-0.17849943,-0.18246914,0.76621899,26,WALKING_UPSTAIRS,177
568,0.94453343,0.81264132,-0.80433374,-0.92214575,0.97711229,26,WALKING_UPSTAIRS,178
569,0.93349439,0.50510972,-0.25744874,-0.42675246,-0.97522644,26,WALKING_UPSTAIRS,183
570,0.97585599,0.56700282,0.79081468,0.78257047,0.96140533,26,WALKING_UPSTAIRS,189
571,0.97017102,-0.083040685,-0.24140151,0.91868841,-0.36221399,26,STANDING,202
572,0.96387718,0.65159342,-0.69486741,0.054186894000000006,0.15354468,26,STANDING,226
573,0.77758747,-0.15279725,-0.33544993,0.15568579,-0.024350269,26,SITTING,240
574,0.77819374,0.72185775,-0.99464907,-0.75051321,-0.021865827999999997,26,SITTING,241
575,0.78226533,-0.78189718,-0.56238933,0.78937979,-0.18558522,26,SITTING,246
576,0.92878981,-0.24979794,-0.30902601,-0.47171606,-0.52932795,26,SITTING,256
577,-0.5956163000000001,-0.94872008,0.97896594,-0.94164358,-0.47850988,26,LAYING,308
578,0.95966947,-0.40716784,-0.17798207,-0.69594218,-0.95992326,26,WALKING,310
579,0.95312177,-0.40759046,-0.64076913,0.53086244,0.056415312999999995,26,WALKING,328
580,0.95992828,-0.66360284,-0.75422582,0.87025124,0.68052166,26,WALKING,329
581,0.96250481,0.15010045,-0.18598063,-0.80422788,0.3626377,26,WALKING,333
582,0.96491733,0.89715237,0.74443425,0.71033472,0.29653224,26,WALKING,335
583,0.94663026,-0.15336729,-0.66647087,-0.034970899,0.96093315,26,WALKING_DOWNSTAIRS,343
584,0.95677425,0.93776688,-0.93961723,-0.93951194,-0.95450575,26,WALKING_DOWNSTAIRS,348
585,0.93556447,0.72534004,-0.71779261,-0.96478485,-0.91792175,26,WALKING_DOWNSTAIRS,356
586,0.9383485,-0.030707683,0.75076227,-0.54183814,-0.97870045,26,WALKING_UPSTAIRS,359
587,0.95282556,0.64707337,-0.31702674,-0.33209712,0.93298794,26,WALKING_DOWNSTAIRS,379
588,0.93509805,-0.35079726,-0.39838698,0.67627934,-0.97619489,26,WALKING_UPSTAIRS,387
589,0.96587472,0.8713752,-0.94845319,-0.92493087,-0.27049474,27,STANDING,15
590,0.9686886,0.83808556,0.85189286,0.99944577,-0.20033179,27,STANDING,32
591,0.96842226,-0.50206739,-0.22794961,0.93525566,-0.88818196,27,STANDING,33
592,0.64232347,-0.22789606,-0.71201157,-0.24884568,-0.0033648681,27,SITTING,44
593,0.64108165,-0.81805444,-0.94153331,0.64074537,0.0054034910999999995,27,SITTING,46
594,0.9368605999999999,-0.62479362,-0.40379386,-0.45691614,0.23763192,27,SITTING,73
595,-0.54055825,0.9924430000000001,-0.95682976,-0.98478242,-0.16424971,27,LAYING,75
596,-0.49897879,0.16478308,-0.74026523,-0.76785231,-0.37852391,27,LAYING,101
597,-0.50175563,-0.34201945,-0.86820157,0.69549864,0.16753666,27,LAYING,106
598,0.96630723,-0.54131936,0.58194116,0.043846722000000005,-0.85566001,27,WALKING,113
599,0.96370403,-0.13580963,0.78138519,0.37662636,0.86295251,27,WALKING,116
600,0.96879848,-0.63092199,-0.39940572,0.29302944,0.85410183,27,WALKING,121
601,0.95470606,0.84156359,-0.1267981,0.33539412,0.98710257,27,WALKING_DOWNSTAIRS,139
602,0.96939351,0.91735458,0.4977611,0.68578062,0.71580226,27,WALKING_DOWNSTAIRS,141
603,0.96866387,0.88606271,0.68354968,0.7957853,-0.98796895,27,WALKING_DOWNSTAIRS,144
604,0.93159408,-0.045884802999999995,0.43121586,-0.44896682,-0.95531706,27,WALKING_UPSTAIRS,162
605,0.96311605,-0.5660868,-0.77390407,0.95079598,0.46907385,27,STANDING,194
606,0.96374115,-0.32462883,-0.30410115,0.98710958,-0.78138949,27,STANDING,200
607,0.96309865,-0.89305586,-0.9084576999999999,0.98266907,-0.43574535,27,STANDING,203
608,0.96280132,0.78304025,0.73077406,0.9963958,0.0078408063,27,STANDING,204
609,0.96713138,0.97752895,0.87279432,0.75171234,0.89797714,27,STANDING,214
610,0.96607045,0.94442007,0.87187395,0.70966338,-0.69373523,27,STANDING,217
611,0.96825533,0.98886807,0.98095379,0.98176549,-0.043586335999999996,27,STANDING,219
612,0.96920492,0.63767359,0.73453712,0.89807409,-0.89228541,27,STANDING,223
613,0.80556896,-0.96879333,-0.97520701,0.89060555,0.016950364,27,SITTING,235
614,0.96224579,-0.82808596,-0.89417703,0.9824849,0.50698849,27,SITTING,245
615,0.96404341,-0.9488496999999999,-0.65770231,0.85742503,0.18355922,27,SITTING,256
616,-0.51842794,0.61752245,-0.94097781,-0.45845148,0.17780520000000002,27,LAYING,267
617,-0.53227409,0.99441982,-0.42598664,-0.36723608,-0.21823342,27,LAYING,277
618,-0.53851921,0.97713824,-0.99156976,-0.98182108,-0.108057,27,LAYING,282
619,-0.49423925,-0.93011134,-0.91907765,0.91401099,-0.31263812,27,LAYING,285
620,-0.54653366,0.92972495,-0.95732695,-0.78602698,0.24741416,27,LAYING,287
621,-0.55924309,0.7613963,0.19496187,-0.47818782,0.34685194,27,LAYING,296
622,0.91446564,0.94304413,0.51210363,0.70105541,0.92866121,27,WALKING_DOWNSTAIRS,329
623,0.88157936,0.94706748,0.40778086,0.56748391,0.46404835,27,WALKING_DOWNSTAIRS,340
624,0.87522714,0.12226484,0.87790474,0.37051965,-0.97349856,27,WALKING_DOWNSTAIRS,350
625,0.81572264,0.66217462,0.9039154,0.37975476,-0.93791862,27,WALKING_UPSTAIRS,354
626,0.79083428,-0.70272049,0.46356647,-0.6709463000000001,-0.8712291,27,WALKING_UPSTAIRS,366
627,0.95319448,0.98233526,0.91737361,0.9469555000000001,-0.036286473,28,STANDING,15
628,0.94943822,0.34244483,-0.16641114,-0.52282031,-0.76132147,28,STANDING,25
629,0.96378553,0.70451956,0.54444489,0.97707299,0.24794526,28,SITTING,64
630,0.95796145,0.98671068,-0.81394556,-0.77318768,-0.23172057,28,SITTING,75
631,-0.65574817,0.88263922,-0.92685347,-0.99442036,-0.12543819,28,LAYING,102
632,-0.6446903,0.97212471,-0.96097842,-0.99854175,-0.39438124,28,LAYING,103
633,-0.22116622,0.98742981,-0.99913711,-0.98870319,0.34559987,28,LAYING,109
634,-0.27250505,0.97011243,-0.17287412,-0.36434653,0.033287997,28,LAYING,124
635,-0.27203013,0.95613641,-0.97258053,-0.94901766,0.37917231,28,LAYING,125
636,0.94776467,0.71946076,0.074882512,0.081402408,-0.85891849,28,WALKING,137
637,0.95440992,0.87536722,0.53769713,0.40135641,0.74091698,28,WALKING,154
638,0.85740898,0.89291872,0.61484726,0.60247916,-0.80876272,28,WALKING_UPSTAIRS,167
639,0.86233397,0.4901629,0.15134717,0.54242941,0.97710357,28,WALKING_UPSTAIRS,207
640,0.94536406,0.97324486,0.1634027,0.28296858,0.88782612,28,STANDING,213
641,0.94081627,0.84519256,0.75515378,0.29563712,-0.029131545,28,STANDING,227
642,0.91130946,-0.66578367,-0.98779707,0.74284518,0.09343678400000001,28,SITTING,246
643,0.90240297,-0.61276376,-0.99736219,0.57890635,0.1039117,28,SITTING,249
644,0.90305369,0.99960213,-0.99914301,-0.99826469,-0.20790883,28,SITTING,255
645,0.90063417,0.22245541,-0.97987763,-0.032228779,0.18170437,28,SITTING,256
646,0.91830014,0.96423507,0.94021827,0.84598592,0.73122491,28,SITTING,260
647,0.92298931,0.15346271,0.75245544,0.51342171,-0.86004101,28,SITTING,266
648,0.92354738,0.98752907,0.93943755,0.89054981,-0.13220821,28,SITTING,273
649,-0.71098157,0.77680284,-0.510892,-0.92292525,-0.40872361,28,LAYING,275
650,-0.70541307,0.97988058,-0.92825336,-0.84014621,0.63501376,28,LAYING,280
651,-0.70293248,0.75378047,-0.86439474,-0.9783263000000001,0.09365361300000001,28,LAYING,289
652,-0.43305434,0.99818093,-0.96925931,-0.98070993,0.17207351,28,LAYING,310
653,0.93571324,0.86109458,0.09856077699999999,0.15229099,0.61436915,28,WALKING,320
654,0.93518545,0.80978717,0.94030645,0.78495287,0.68470934,28,WALKING,327
655,0.93998656,0.74563395,0.063403659,0.19382344,-0.016949378,28,WALKING,333
656,0.9263223,0.32744948,-0.60653049,-0.33380129,-0.94736155,28,WALKING_DOWNSTAIRS,345
657,0.9130665000000001,-0.65195732,0.77075,-0.80393844,-0.92257997,28,WALKING_DOWNSTAIRS,352
658,0.85284672,-0.36871542,0.97745601,-0.45097359,0.88583857,28,WALKING_UPSTAIRS,361
659,0.97258004,-0.10959621,-0.51183558,-0.64374407,0.00023402787,29,STANDING,1
660,0.97215103,-0.73236503,-0.56133418,0.95346367,0.37664856,29,STANDING,5
661,0.9710818999999999,-0.70315463,-0.64050483,0.95493546,-0.19648445,29,STANDING,11
662,0.84018947,0.73326864,-0.98040171,-0.836599,0.21934079,29,SITTING,42
663,0.83862235,-0.95873108,-0.99660672,0.94802569,0.21190466,29,SITTING,44
664,0.83954463,-0.94976515,-0.46473767,0.60517278,-0.26736607,29,SITTING,46
665,0.88854237,0.21719653,-0.78155486,0.012658316999999999,-0.51124825,29,SITTING,54
666,0.88860857,-0.37058458,-0.88764,-0.037368567000000005,0.0046010391999999995,29,SITTING,56
667,-0.48141191,-0.98091027,-0.37368623,0.41751117,-0.12789345,29,LAYING,60
668,-0.42893005,-0.46885363,-0.44976220000000006,0.9129919,-0.1965886,29,LAYING,61
669,-0.41774164,-0.93693801,0.19120015,0.14400289,-0.33210896,29,LAYING,62
670,-0.42505388,-0.79330696,0.6169581000000001,-0.56063781,-0.65994637,29,LAYING,72
671,-0.34482362,-0.98157468,-0.94137431,0.98802738,-0.37116734,29,LAYING,78
672,-0.29954096,-0.95967796,0.85983352,-0.82315175,0.34413562,29,LAYING,83
673,-0.29818271,-0.93642687,0.31905297,-0.62115928,0.44612159999999995,29,LAYING,84
674,-0.3007178,-0.19186304,-0.93094592,-0.091726826,0.28858357,29,LAYING,91
675,-0.29801721,0.037202834,0.68090308,-0.44547252,-0.35802461,29,LAYING,99
676,0.95811597,0.21152116,-0.28306831,0.45695404,0.30581841,29,WALKING,110
677,0.96009802,-0.6304223000000001,-0.74812294,0.46168177,0.76878007,29,WALKING,115
678,0.95988135,-0.21249975,-0.68374921,0.07553261900000001,-0.64996993,29,WALKING,119
679,0.95582388,0.93260216,-0.9171054,-0.80670202,-0.88617487,29,WALKING_DOWNSTAIRS,139
680,0.96599457,0.5128867,-0.290236,-0.89294977,-0.94013059,29,WALKING_DOWNSTAIRS,140
681,0.9144479999999999,-0.89558883,-0.48605663,0.79729886,0.89192008,29,WALKING_DOWNSTAIRS,142
682,0.94118875,0.26772313,-0.40561490000000006,0.76055635,-9.186377e-05,29,WALKING_DOWNSTAIRS,145
683,0.93641049,0.86357443,-0.17067794,0.28278033,0.94661513,29,WALKING_UPSTAIRS,157
684,0.92539321,0.18984825,-0.043344702,-0.68692188,-0.90980109,29,WALKING_UPSTAIRS,162
685,0.97619599,-0.98136966,-0.79541026,0.77481044,0.54882858,29,STANDING,179
686,0.97514622,-0.27810927,0.21550443,0.85239451,-0.79799143,29,STANDING,195
687,0.97405332,0.44977065,0.47294101,0.99758962,-0.74723283,29,STANDING,197
688,0.92906428,-0.98688493,-0.86862054,0.93633613,-0.077225972,29,SITTING,209
689,0.92978524,-0.78347403,-0.81786574,0.86430013,-0.1013656,29,SITTING,211
690,0.92756688,-0.95498451,-0.87378248,0.9375665999999999,0.43801323,29,SITTING,217
691,0.92593774,0.60154882,0.053641122,0.76010453,-0.32231023,29,SITTING,220
692,0.90716425,-0.92485369,-0.66713607,0.89000527,-0.16021364,29,SITTING,237
693,-0.33615007,-0.19688351,0.95477043,0.015344038,-0.14063728,29,LAYING,251
694,-0.33635044,-0.91454586,0.37538748,-0.11554968,-0.34728014,29,LAYING,252
695,-0.31818029999999997,-0.51996062,-0.38243198,0.45788468,0.46397141,29,LAYING,260
696,-0.31692416,-0.93002953,0.38595307,-0.57316412,0.6830514,29,LAYING,263
697,0.96434788,0.44669369,-0.27390292,-0.84249494,0.56601131,29,WALKING,288
698,0.96470242,-0.45493413,-0.033655254,-0.52407386,-0.42782221,29,WALKING,292
699,0.94094553,0.068217743,-0.55943294,0.74393156,-0.88836857,29,WALKING_DOWNSTAIRS,305
700,0.92331011,0.59021459,-0.45507546,-0.41800551,-0.95422495,29,WALKING_UPSTAIRS,323
701,0.92771095,0.83149693,0.48798117,0.53569445,0.3903684,29,WALKING_UPSTAIRS,327
702,0.97547754,0.099284774,-0.013174372,-0.37215179,-0.13214782,30,STANDING,4
703,0.96231971,0.88971515,-0.56220465,-0.87142975,0.88678465,30,STANDING,24
704,0.92377518,0.61223784,-0.84814991,-0.10901574,0.029349041,30,SITTING,30
705,0.92270368,-0.97253152,-0.99628988,0.9802136999999999,-0.0061119477,30,SITTING,31
706,0.94151481,-0.45855356,-0.68070404,0.24464906,0.12816707,30,SITTING,59
707,-0.39370833,0.86712907,-0.91972723,-0.99181917,0.27389855,30,LAYING,76
708,-0.29377232,-0.84788825,0.76659148,-0.98971495,-0.36723132,30,LAYING,77
709,-0.25741305,-0.15299463,0.13036832,-0.99157879,0.033042554,30,LAYING,79
710,-0.25033059,-0.37413694,-0.25910873,-0.79151843,0.21278455,30,LAYING,80
711,-0.23178360000000003,-0.94530219,0.48283804,-0.66637366,0.19660983,30,LAYING,89
712,0.95955554,0.45617349,0.31754348,-0.49876847,-0.66330995,30,WALKING,102
713,0.96582146,0.29777855,0.66660549,0.46776932,0.96867625,30,WALKING_DOWNSTAIRS,143
714,0.96551462,0.77634174,-0.28340149,-0.28628442,0.27519367,30,WALKING_DOWNSTAIRS,148
715,0.95909212,0.82615914,-0.25225476,-0.48470095,-0.84103434,30,WALKING_DOWNSTAIRS,151
716,0.92487674,0.88428109,-0.83841065,-0.93302773,-0.63751214,30,WALKING_UPSTAIRS,161
717,0.92762579,0.90118173,-0.47880528,-0.2763658,-0.26961372,30,WALKING_UPSTAIRS,162
718,0.92666326,0.70979762,-0.86734336,-0.6357961,-0.72070921,30,WALKING_UPSTAIRS,173
719,0.92220049,0.77407241,-0.7834543,-0.71960945,-0.59355609,30,WALKING_UPSTAIRS,174
720,0.9409608,0.79406623,-0.69284467,-0.60981104,-0.94168442,30,WALKING_UPSTAIRS,190
721,0.96989742,-0.93972259,-0.08130074,0.22172305,-0.012301035,30,STANDING,203
722,0.96862377,-0.27734276,-0.85497681,-0.24982778,-0.40643002,30,STANDING,211
723,0.97250456,0.90265141,0.9434724,0.9403198,-0.34645944,30,STANDING,217
724,0.56809535,-0.69069396,-0.93739868,0.88419872,0.064798735,30,SITTING,241
725,0.93033046,-0.58305422,-0.99636867,0.58362008,0.35980536,30,SITTING,256
726,-0.35980072,0.16551391,-0.21709687,-0.9983527,0.29491714,30,LAYING,263
727,-0.36658011,0.76850464,-0.83450506,-0.99223772,0.83364611,30,LAYING,275
728,-0.36919908,-0.1595865,-0.52256008,-0.75815131,-0.3774125,30,LAYING,276
729,0.96457154,0.98232268,-0.9718386999999998,-0.95577346,0.94034326,30,WALKING,294
730,0.97524833,-0.21701631,-0.42515456,-0.6027563,-0.81548442,30,WALKING,316
731,0.9595440000000001,0.50379247,0.43181408,0.43194459,0.98504199,30,WALKING_DOWNSTAIRS,328
732,0.96968034,0.78219835,-0.43394971,-0.34550594,-0.83705552,30,WALKING_DOWNSTAIRS,348
733,0.96127536,0.063346439,-0.37985307,0.36726652,0.74147766,30,WALKING_DOWNSTAIRS,349
734,0.95968339,0.84598388,-0.1695065,0.12911406,0.91817095,30,WALKING_UPSTAIRS,374
735,0.9344144,0.32753573,0.030585852,0.42660538,-0.54675719,30,WALKING_UPSTAIRS,376
736,0.92566317,0.73826716,0.52830025,0.95273968,0.76068392,2,STANDING,6
737,0.88529186,0.78588944,0.90276637,0.97489366,-0.7094399,2,STANDING,19
738,0.89033905,0.99887702,0.95096477,0.94827728,0.77938529,2,STANDING,31
739,0.95792518,0.74473035,0.84836017,0.95861556,-0.50690405,2,SITTING,35
740,0.91969806,0.085150225,0.036005781,0.74167748,-0.95228133,2,WALKING,100
741,0.91945968,-0.33318354,-0.73952746,0.6582519,0.66038137,2,WALKING,106
742,0.91617182,0.21257281,0.026869074,0.14252613,0.20212277,2,WALKING,109
743,0.88196458,-0.282087,-0.089402152,-0.5601486,-0.95689013,2,WALKING_DOWNSTAIRS,118
744,0.78719278,0.56099886,-0.54813808,-0.98870133,0.4886115,2,WALKING_DOWNSTAIRS,130
745,0.81247038,0.92675635,0.71705117,0.47193245,-0.77643424,2,WALKING_DOWNSTAIRS,132
746,0.89378375,0.65043606,0.88191427,0.26428953,0.89936547,2,WALKING_UPSTAIRS,134
747,0.82002484,-0.038548553,0.66770041,-0.68817411,-0.53450847,2,WALKING_UPSTAIRS,139
748,0.80965575,0.76203508,0.42305034,-0.18350317,-0.77039865,2,WALKING_UPSTAIRS,140
749,0.85418365,0.45307481,0.95019283,0.17588802,0.81337313,2,WALKING_UPSTAIRS,143
750,0.89419491,-0.48490925,-0.63753598,0.97793494,-0.40237503,2,STANDING,166
751,0.87505219,0.99847164,0.98661051,0.99244627,-0.21240888,2,STANDING,178
752,0.92762526,0.64822504,0.7497722,0.98667168,0.11584682,2,SITTING,182
753,0.89740711,-0.87860602,-0.99040482,0.93043734,-0.32660804,2,SITTING,186
754,-0.44518402,-0.9726594999999999,0.60063608,-0.76766686,-0.32576220000000006,2,LAYING,204
755,-0.32414538,-0.96632391,0.80941773,-0.76369072,0.25862613,2,LAYING,220
756,0.90107686,-0.13466779999999998,-0.44565768,-0.63264269,0.41951657,2,WALKING,235
757,0.87932602,0.77128119,-0.93974468,-0.79966576,0.91043537,2,WALKING_DOWNSTAIRS,262
758,0.86273124,0.49013151,0.080899224,-0.74168719,0.95637642,2,WALKING_DOWNSTAIRS,272
759,0.83227733,-0.026663699,0.90647287,-0.28144393,0.92737996,2,WALKING_DOWNSTAIRS,276
760,0.83344189,0.58145197,0.47795004,0.42351107,0.9358785,2,WALKING_UPSTAIRS,287
761,0.83051299,0.16435389,-0.46577071,0.41658819,-0.94337214,2,WALKING_UPSTAIRS,290
762,0.83583148,0.60646793,0.056021292,-0.31361859,-0.95742698,2,WALKING_UPSTAIRS,300
763,0.94467802,-0.86327895,-0.94322946,0.92858413,-0.85797879,4,STANDING,14
764,0.95395879,-0.78455513,-0.92532876,0.86138629,0.79389045,4,STANDING,27
765,0.88041587,-0.97832313,-0.9718322,0.99935454,0.018740207,4,SITTING,29
766,0.85604948,-0.32948882,-0.29046152,-0.7929188,-0.13296189,4,SITTING,32
767,0.8535499,-0.87586281,-0.76762378,0.45769578,-0.080702567,4,SITTING,40
768,0.9617716000000001,0.14657499,-0.98071459,0.028691527999999997,0.056467877,4,SITTING,52
769,-0.4350435,-0.94431225,0.55606934,-0.79702957,0.13703828,4,LAYING,56
770,-0.43616339,0.86373873,-0.77218847,-0.45157012,-0.89964267,4,LAYING,64
771,0.95530615,-0.4369042,0.12055006,-0.52778426,0.85079557,4,WALKING,106
772,0.96007904,-0.38827926,0.4269946,0.13145507,0.65448338,4,WALKING,107
773,0.95796477,0.18267002,0.34352261,0.19288155,0.83019112,4,WALKING,110
774,0.94797524,-0.90017733,-0.27000507,0.5319816999999999,0.96393984,4,WALKING_DOWNSTAIRS,116
775,0.95872931,0.64973503,-0.45957814,-0.2959903,0.98500012,4,WALKING_DOWNSTAIRS,122
776,0.94311032,0.88850619,0.84387434,0.97479334,0.94424078,4,WALKING_DOWNSTAIRS,130
777,0.9454872999999999,0.55144093,0.58031358,-0.007802045400000001,0.71244649,4,WALKING_DOWNSTAIRS,133
778,0.9433566999999999,-0.41624288,-0.65089515,0.051796311,-0.7155275,4,WALKING_UPSTAIRS,143
779,0.97105431,0.62261299,-0.056854938,0.72190214,-0.85124125,4,WALKING_UPSTAIRS,157
780,0.93694984,0.031036662000000003,-0.79259054,0.41930413,-0.91980931,4,WALKING_UPSTAIRS,160
781,0.96331188,-0.97152353,-0.99425253,0.98485474,0.85103965,4,STANDING,172
782,0.93160663,0.97441165,0.99679398,0.95387238,0.0018483092,4,STANDING,181
783,0.97172731,0.99179179,0.81565864,0.85411616,0.2379277,4,STANDING,182
784,0.77016905,-0.90546571,0.50817686,-0.68074698,0.0081340748,4,SITTING,193
785,0.70075577,-0.68218176,-0.87594307,0.25578462,0.23584145,4,SITTING,202
786,0.96750159,-0.56088394,-0.96348203,0.70085413,0.64787647,4,SITTING,207
787,-0.38606803,-0.95414824,-0.458794,0.18257755,-0.033367102,4,LAYING,221
788,0.96645737,-0.61833756,-0.80360626,0.64101192,0.74270876,4,WALKING,245
789,0.9616751,-0.73955597,0.11261781,-0.093554894,-0.53739288,4,WALKING,251
790,0.97316356,-0.28108913,-0.98901426,0.23168261,-0.95887822,4,WALKING,258
791,0.9441639000000001,-0.72123313,-0.33040990000000003,0.61752799,0.61757563,4,WALKING_DOWNSTAIRS,276
792,0.95507868,0.085561817,-0.18960821,-0.39408865,0.93424917,4,WALKING_DOWNSTAIRS,282
793,0.95783469,0.11314639,-0.014507661000000002,0.57267763,0.97051357,4,WALKING_DOWNSTAIRS,289
794,0.9501671,0.83350341,0.86282194,0.6456539000000001,0.76824929,4,WALKING_DOWNSTAIRS,291
795,0.93891067,-0.66431067,-0.48448068,-0.13085418,-0.71586281,4,WALKING_UPSTAIRS,299
796,0.93535304,0.81301723,0.46868424,0.85051115,-0.8559479,4,WALKING_UPSTAIRS,311
797,0.94436033,-0.87744852,-0.92774917,0.9442486999999999,-0.12787504,4,WALKING_UPSTAIRS,315
798,0.93988386,0.11058604,-0.61796774,0.13122333,0.86403176,4,WALKING_UPSTAIRS,317
799,0.9613334000000001,-0.66150183,-0.89514641,0.81395309,0.52242351,9,STANDING,14
800,0.96204356,-0.80289297,-0.9234180000000001,0.968181,0.12679317,9,SITTING,23
801,-0.72443084,0.99240661,-0.40706240000000005,-0.45174926,0.14203507,9,LAYING,56
802,-0.77424511,0.97674483,-0.92645101,-0.98034754,-0.07811396,9,LAYING,66
803,0.97524901,-0.40499789,0.8910449,-0.69554854,0.43277877,9,WALKING,73
804,0.97611788,-0.19872655,-0.37541668,0.7818564,0.80540448,9,WALKING,94
805,0.97844158,-0.5341268,0.27651113,-0.40176038,-0.85243686,9,WALKING,97
806,0.9802389000000001,0.55073866,0.86893202,0.78312914,0.9593025,9,WALKING_UPSTAIRS,105
807,0.95272482,0.01370934,-0.020466762,0.018977472,0.63739655,9,WALKING_UPSTAIRS,107
808,0.94776543,-0.0035057384999999997,0.91087817,-0.30753137,0.47764584,9,WALKING_UPSTAIRS,108
809,0.95647682,0.99336759,0.70616365,0.65579836,-0.8299909,9,WALKING_UPSTAIRS,109
810,0.96141829,0.5392161,-0.49775772,-0.61591531,-0.86244523,9,WALKING_UPSTAIRS,114
811,0.98825473,0.95122207,0.72291855,0.88021591,0.9705243,9,WALKING_UPSTAIRS,121
812,0.93080017,0.41607033,0.87757148,0.65109016,-0.22907041,9,WALKING_DOWNSTAIRS,134
813,0.91195318,-0.83226172,0.96983154,-0.93749099,0.48972049,9,STANDING,145
814,0.94239746,-0.99845397,0.98864922,-0.97935003,-0.78396738,9,STANDING,146
815,0.96234763,0.80624239,0.82286334,0.39768008,0.15001873,9,STANDING,148
816,0.9646384,-0.39969515,0.14796846,-0.78676474,-0.2890159,9,SITTING,185
817,-0.41395477,-0.25776824,-0.88799741,0.65281776,-0.10618303,9,LAYING,199
818,-0.44003622,-0.73839805,-0.9227095999999999,0.89610859,0.31256963,9,LAYING,203
819,0.92975108,-0.9094885,0.69976822,-0.8631796999999999,0.92805047,9,WALKING,226
820,0.93804263,-0.19416989,0.27009962,-0.8516379000000001,0.54786972,9,WALKING,229
821,0.91527343,-0.61067609,0.17846638,-0.68470788,0.92946276,9,WALKING,233
822,0.93148092,0.43812776,-0.44551818,-0.88313369,-0.76488272,9,WALKING,235
823,0.96235042,0.9591970999999999,0.92336357,0.99375998,-0.39822312,10,STANDING,5
824,0.96146009,0.80483495,0.80386554,0.37250695,-0.52112139,10,STANDING,17
825,0.96132094,0.71171997,0.12156716,0.61084047,0.14658865,10,STANDING,18
826,0.95967209,0.59097979,-0.48971712,-0.93878702,0.51944419,10,STANDING,20
827,0.64145539,-0.69914058,-0.76648301,0.99430628,0.013278568999999999,10,SITTING,25
828,0.64891383,0.18760909,-0.98577551,-0.25504052,0.044599234,10,SITTING,28
829,0.64973169,-0.72738551,-0.57634098,0.26439954,-0.058048932000000004,10,SITTING,31
830,-0.42685454,0.93707571,-0.33224391,-0.27412502,0.30332881,10,LAYING,52
831,0.93861322,0.80987157,0.41866253,0.8322343000000001,-0.56669273,10,WALKING_DOWNSTAIRS,110
832,0.93840862,-0.36020688,-0.94718202,0.14179507,-0.8017249,10,WALKING_DOWNSTAIRS,112
833,0.93179902,-0.72421766,-0.49864574,0.91311514,-0.89263281,10,WALKING_DOWNSTAIRS,118
834,0.93992743,-0.29320535,-0.53374928,0.18197324,-0.9381905999999999,10,WALKING_UPSTAIRS,135
835,0.93477067,0.16613283,0.09016473900000001,0.79478667,0.97929292,10,WALKING_UPSTAIRS,138
836,0.94589073,-0.95087646,-0.91196975,0.84519421,-0.63691216,10,STANDING,157
837,0.93799123,0.32940313,-0.90573856,-0.67219361,-0.49329480000000003,10,STANDING,163
838,0.96897791,0.99806611,-0.71306263,-0.70684467,-0.38854622,10,SITTING,193
839,0.96890019,0.78660927,0.82279148,0.40964007,-0.10051176,10,SITTING,195
840,-0.37679002,0.78342272,0.40365372,-0.10378947,-0.59278278,10,LAYING,210
841,-0.39137643,-0.54279458,-0.9299206,0.20678466,0.58185268,10,LAYING,216
842,-0.39505399,-0.98836885,-0.94862234,0.98402956,-0.26758549,10,LAYING,220
843,-0.41346826,-0.98433037,-0.83570591,0.91533286,0.094171542,10,LAYING,224
844,0.96404092,0.27564885,-0.54468999,-0.59910186,-0.85175346,10,WALKING,227
845,0.97915713,-0.90668705,0.8228562,-0.87248803,0.65118187,10,WALKING,246
846,0.96380642,-0.74988247,0.029018457,0.43775402,0.0082628986,10,WALKING,249
847,0.94375948,0.37856035,-0.80673163,0.1669432,0.91976337,10,WALKING_DOWNSTAIRS,253
848,0.92199612,-0.20983919,-0.32502364,-0.54113809,0.3926475,10,WALKING_UPSTAIRS,278
849,0.97204348,0.88176855,0.94688773,0.72890425,-0.21172474,12,STANDING,3
850,0.97373151,0.12690602,-0.93085539,-0.47246106,-0.45372291,12,SITTING,45
851,0.97385196,-0.94772789,-0.98276352,0.92701336,0.21786499,12,SITTING,51
852,0.96908981,-0.99275487,-0.99720896,0.98915193,-0.3455125,12,SITTING,53
853,-0.50648822,0.59550538,-0.66549844,-0.95965892,0.63379518,12,LAYING,75
854,0.97682312,-0.094302236,-0.058021474,0.75392012,-0.99503559,12,WALKING,89
855,0.96961936,0.50015613,0.31841669,0.19630962,0.68413822,12,WALKING,95
856,0.9614105,0.22280409,0.39453244,0.72267402,0.92987335,12,WALKING_DOWNSTAIRS,112
857,0.92896676,-0.39373215,-0.11670214,-0.25494916,-0.89409385,12,WALKING_UPSTAIRS,137
858,0.93433026,0.89005386,-0.58969403,-0.56362785,-0.98713529,12,WALKING_UPSTAIRS,147
859,0.92556877,0.90727575,0.90480198,0.72357156,-0.87303767,12,WALKING_UPSTAIRS,155
860,0.93510669,0.68728222,0.19050279,0.27970255,0.95848405,12,WALKING_UPSTAIRS,160
861,0.96553331,0.99451918,-0.90539431,-0.9302089,-0.61056959,12,STANDING,177
862,0.96287489,0.93125579,0.55372628,0.81494991,0.067043657,12,STANDING,182
863,0.96496731,-0.83007577,-0.21482541,0.69560603,0.46385821,12,SITTING,204
864,0.9731486999999999,-0.99001808,0.9020502,-0.88515667,0.23183846,12,SITTING,211
865,0.97284413,-0.83132918,0.32047868,-0.20647635,0.12494241,12,SITTING,212
866,-0.34697871,-0.9901542,0.16398935,-0.031862645,-0.067156934,12,LAYING,223
867,-0.34009455,-0.73969691,-0.86207587,0.94118074,-0.018947386,12,LAYING,229
868,-0.36223645,-0.9723896000000001,-0.42776415,0.49377966,0.06390802,12,LAYING,236
869,-0.37537215,0.13535756,-0.34631343,0.855476,0.20827956,12,LAYING,241
870,-0.38799691,-0.97463332,-0.95203078,0.86428397,0.29722476,12,LAYING,245
871,-0.39000556,-0.55437133,-0.95149348,0.3361965,-0.058604956,12,LAYING,246
872,0.96488003,-0.86538556,-0.85093369,0.69706515,-0.70010862,12,WALKING,260
873,0.96215625,0.46327299999999993,-0.92964091,-0.31363534,-0.91262039,12,WALKING,268
874,0.96853159,0.81665347,0.25239242,0.084772334,0.75932755,12,WALKING,271
875,0.96022709,-0.19066084,-0.78036156,0.17999498,0.6331753999999999,12,WALKING,273
876,0.96769837,0.83166087,-0.47549153,-0.78344528,-0.7551285,12,WALKING_DOWNSTAIRS,280
877,0.94489099,0.69778459,0.93978787,0.59464237,0.97098419,12,WALKING_DOWNSTAIRS,285
878,0.93762485,0.5368864000000001,0.17691702,-0.09674388800000001,0.95370686,12,WALKING_DOWNSTAIRS,286
879,0.92682935,0.44235128,-0.23110194,0.066023271,0.93618139,12,WALKING_DOWNSTAIRS,290
880,0.94809315,0.99657508,0.98354726,0.97637389,-0.09877693,13,STANDING,4
881,0.94744,0.95393929,0.70441432,0.46245836,0.027032134,13,STANDING,6
882,0.91752145,0.77385666,0.26622712,0.787921,-0.33321248,13,STANDING,18
883,0.91513017,0.98853287,-0.94281721,-0.97541407,0.63704207,13,STANDING,22
884,0.89349625,0.17800944,-0.89587692,-0.56470194,0.16969217,13,SITTING,35
885,0.97000544,-0.78166078,-0.21708829999999998,0.77596539,0.06438199900000001,13,SITTING,49
886,-0.12243582,0.98671898,-0.99324898,-0.99840261,0.14593651,13,LAYING,55
887,-0.13657609,0.77885802,-0.96998541,-0.89375564,0.041327887,13,LAYING,65
888,-0.10968344,0.97196695,-0.99097695,-0.99168463,0.64688708,13,LAYING,72
889,-0.10824923,0.93395701,-0.99532363,-0.96446972,-0.20171662,13,LAYING,76
890,-0.11232349999999999,0.97312801,-0.99715204,-0.98373211,0.24503138,13,LAYING,79
891,0.90089366,0.08090757400000001,0.94109004,-0.24248665,-0.81657527,13,WALKING,85
892,0.88545335,0.95232959,0.97054092,0.90702401,0.38407818,13,WALKING,93
893,0.89593472,0.93729983,0.96593033,0.89040288,-0.84333408,13,WALKING,94
894,0.88512265,-0.19697974,-0.36783134,0.3325877,0.80713073,13,WALKING,98
895,0.89138998,0.22610511,-0.19062756,0.33841801,0.43938849,13,WALKING,107
896,0.88859997,0.049351575999999994,0.41629408,-0.080662355,-0.30000398,13,WALKING,113
897,0.93515828,0.52635383,0.83813914,0.46613622,0.94547033,13,WALKING_DOWNSTAIRS,118
898,0.92612835,0.78324194,-0.20375389,0.3077885,-0.97470374,13,WALKING_DOWNSTAIRS,131
899,0.93048984,0.60012968,0.031554018999999996,-0.71496292,0.84220644,13,WALKING_DOWNSTAIRS,136
900,0.93753798,0.51125321,0.5577337,-0.19999225,-0.89918391,13,WALKING_DOWNSTAIRS,139
901,0.89049752,0.90317101,0.57485124,0.83887522,0.96154053,13,WALKING_UPSTAIRS,153
902,0.76015362,0.47407563,0.35393093,-0.58420806,-0.81646455,13,WALKING_UPSTAIRS,169
903,0.95937923,0.9945617,-0.56006839,-0.5200747,-0.46852520000000003,13,STANDING,185
904,0.84556306,-0.72653997,-0.24271924,-0.48167697,-0.26927641,13,SITTING,206
905,0.97168775,-0.95963008,0.73060517,-0.6891558000000001,-0.23886661,13,SITTING,217
906,0.97035259,-0.75815006,-0.44195748,0.91301108,0.094531233,13,SITTING,221
907,-0.27945404,-0.9412994,0.33021415,-0.61375071,-0.74049506,13,LAYING,235
908,-0.14040065,-0.0084218817,0.46747721,-0.8734791,-0.39017482,13,LAYING,249
909,-0.14448402,0.56416486,0.84696469,0.059662726,0.089549923,13,LAYING,255
910,-0.14536688,-0.061847606,0.88448199,-0.48010111,0.53293781,13,LAYING,256
911,0.93359775,-0.21791964,-0.037651117000000005,0.42124552,0.37891554,13,WALKING,280
912,0.96671158,0.5041428,-0.25656346,-0.23677783,0.93189709,13,WALKING_DOWNSTAIRS,293
913,0.94725251,-0.88539841,-0.62111154,0.62074466,0.94929027,13,WALKING_DOWNSTAIRS,299
914,0.96164943,0.62769948,0.17147831,0.83760501,0.99090054,13,WALKING_DOWNSTAIRS,300
915,0.96598727,0.77150063,-0.95332161,-0.62499749,0.65714158,18,STANDING,19
916,0.95691467,-0.66412729,0.96493896,-0.47805598,0.85088987,18,STANDING,40
917,0.80157002,-0.84894167,0.45108050000000005,-0.57325666,-0.025347288,18,SITTING,45
918,0.80234312,-0.268456,-0.91927022,0.033576999999999996,-0.33375405,18,SITTING,54
919,0.94284189,-0.71446759,-0.98885934,0.80492776,-0.035141244,18,SITTING,63
920,-0.26009978,-0.65534514,0.0016914179999999999,-0.57329029,-0.052682389,18,LAYING,73
921,-0.25906602,0.39384871,-0.31131824,-0.99227062,0.13019375,18,LAYING,79
922,0.94093417,0.20798853,-0.59014135,0.10014861,0.46666471,18,WALKING,109
923,0.94680616,0.75331697,0.46920872,0.80285251,0.19855144,18,WALKING,110
924,0.94225248,0.59474966,0.56558607,0.91491671,0.92043603,18,WALKING_DOWNSTAIRS,170
925,0.96077625,-0.08399137599999999,-0.61069895,0.43305666,0.95084617,18,WALKING_DOWNSTAIRS,172
926,0.92667044,-0.040807471,0.36908112,0.093791031,0.90431776,18,WALKING_UPSTAIRS,180
927,0.90974257,0.13816945,-0.69169546,-0.32453055,-0.92128043,18,WALKING_UPSTAIRS,183
928,0.9409761999999999,0.77662424,0.98347811,0.69922432,-0.71571696,18,STANDING,199
929,0.9382433000000001,0.8028923000000001,0.93535112,0.61673331,-0.28167366,18,STANDING,205
930,0.92265267,0.84687509,0.99478086,0.81080053,0.1160085,18,STANDING,220
931,0.91328605,-0.18581214,-0.8480335999999999,0.64579761,-0.13154271,18,SITTING,228
932,0.97433438,-0.9869794,0.86776756,-0.78795999,0.42273544,18,SITTING,235
933,0.97613221,-0.61523524,-0.20695072,0.71285298,-0.24713602,18,SITTING,248
934,-0.24399545,-0.98072519,-0.42892773,0.38048232,-0.1499115,18,LAYING,249
935,-0.25977482,0.77790181,-0.81899816,-0.99307093,0.60728856,18,LAYING,252
936,-0.25728907,0.88778094,-0.86824165,-0.98682543,0.31995250000000003,18,LAYING,253
937,-0.22124081,0.34745032,-0.86078914,-0.70965371,0.35239811,18,LAYING,267
938,0.90710335,0.57713029,0.81747599,0.23760522,-0.56890544,18,WALKING,286
939,0.91237511,0.96416755,0.90940817,0.92618791,-0.9512408000000001,18,WALKING_DOWNSTAIRS,322
940,0.9083898000000001,0.76678352,0.68046082,0.86063075,0.89166736,18,WALKING_DOWNSTAIRS,323
941,0.92502099,0.75715762,0.71350541,0.5884454000000001,-0.91032757,18,WALKING_DOWNSTAIRS,326
942,0.84635902,-0.076888737,0.22127727,-0.85895623,-0.60590752,18,WALKING_UPSTAIRS,333
943,0.89294871,0.10611392,0.93154864,-0.15744628,0.8713764999999999,18,WALKING_UPSTAIRS,346
944,0.91773257,0.79595543,0.92314692,0.67505674,0.9351151,18,WALKING_DOWNSTAIRS,359
945,0.96020097,0.39792973,0.11142861,0.95076743,-0.47751758,20,STANDING,4
946,0.95930926,0.88436871,0.74681363,0.96848567,0.27681622,20,STANDING,7
947,0.94993406,0.90252368,-0.991526,-0.84350875,-0.40746902,20,STANDING,10
948,0.94899365,0.77313292,-0.98615368,-0.83508296,0.64698024,20,STANDING,18
949,0.96290751,0.89176422,0.52447159,0.77589311,-0.65548258,20,STANDING,33
950,0.96395129,0.85984789,0.17042163,0.64267172,-0.7259076999999999,20,STANDING,35
951,0.87098589,0.80086478,-0.98449732,-0.87594812,0.067057645,20,SITTING,43
952,0.94145843,-0.97758445,-0.97857819,0.94984688,-0.37436567,20,SITTING,64
953,-0.45881749,-0.98959602,-0.99938963,0.99416916,-0.10216759,20,LAYING,75
954,-0.6978093000000001,-0.69768602,-0.35442622,0.31335444,0.59868203,20,LAYING,79
955,0.91217926,0.7914201,-0.09125427400000001,0.23188337,0.72776998,20,WALKING,117
956,0.90462005,0.22689146,-0.42693611,-0.87631507,-0.92433447,20,WALKING,125
957,0.90899948,0.6257074,0.2665406,0.57001898,-0.68708059,20,WALKING_DOWNSTAIRS,145
958,0.90835066,0.89484262,0.87911472,0.95455514,-0.86916874,20,WALKING_DOWNSTAIRS,146
959,0.87186603,0.74540922,0.48904384,-0.18951397,0.82274499,20,WALKING_DOWNSTAIRS,147
960,0.90747484,0.82404739,0.96948923,0.75894453,0.74381478,20,WALKING_DOWNSTAIRS,148
961,0.92909016,0.83332301,0.95558972,0.92929839,0.64858297,20,WALKING_DOWNSTAIRS,151
962,0.73127391,0.99239881,0.90813277,0.90811301,-0.91088075,20,WALKING_UPSTAIRS,176
963,0.72419204,0.96913485,0.95451015,0.92465162,0.96711118,20,WALKING_UPSTAIRS,179
964,0.86897349,0.94807429,-0.99103503,-0.89684125,-0.84628491,20,STANDING,198
965,0.79817485,0.99483571,0.92025602,0.91900652,-0.07638287099999999,20,STANDING,201
966,-0.18236539,-0.35278012,-0.99982311,0.33789582,-0.11865162,20,LAYING,247
967,-0.22253976,-0.98538808,0.69420463,-0.75204332,0.69342758,20,LAYING,254
968,-0.23012785,0.88719241,-0.88389801,-0.93149744,0.25314766,20,LAYING,256
969,-0.28105,-0.03908795,-0.13873532,-0.9198822,0.28501201,20,LAYING,260
970,-0.30110281,-0.99982861,0.99818496,-0.99785305,0.58681829,20,LAYING,263
971,-0.49526385,-0.89382015,0.93690454,-0.98727164,0.14034704,20,LAYING,268
972,-0.49885961,-0.69669263,0.50113472,-0.94983485,-0.34697861,20,LAYING,270
973,-0.50852985,-0.33028519,-0.057068454000000005,-0.87892674,-0.36593939,20,LAYING,273
974,-0.51067306,-0.78487526,0.90518654,-0.96096259,0.37301169,20,LAYING,274
975,0.89429418,0.80446152,0.73101724,0.96065233,0.7073314,20,WALKING,287
976,0.87625601,0.94913248,0.71232835,0.59645101,0.26972655,20,WALKING,300
977,0.91422235,0.93266856,-0.92651637,-0.95447082,0.90734398,20,WALKING_DOWNSTAIRS,307
978,0.9136805,0.79542196,-0.23654808,0.36549022,-0.94031542,20,WALKING_DOWNSTAIRS,320
979,0.9176780999999999,0.96747826,0.85159576,0.89659833,-0.93018453,20,WALKING_DOWNSTAIRS,321
980,0.86695286,0.96192392,-0.45129247,-0.65260548,0.84695165,20,WALKING_DOWNSTAIRS,322
981,0.78848194,0.63203631,-0.14546485,0.22938407,0.90557557,20,WALKING_UPSTAIRS,345
982,0.97500124,-0.79974438,-0.88701119,0.95271491,-0.34265951,24,STANDING,16
983,0.97600843,0.43441061,-0.97165703,-0.33862247,0.79514778,24,STANDING,18
984,0.9675264000000001,0.74056449,-0.64653903,-0.9907395,0.7581844,24,STANDING,23
985,0.96957936,0.83408128,0.92357588,0.56647981,-0.71695714,24,STANDING,26
986,0.96906737,0.98219196,0.31852411,0.14514156,-0.54348788,24,STANDING,28
987,0.90683099,-0.97377333,-0.92108703,0.9161461999999999,0.15928996,24,SITTING,38
988,0.89118676,-0.9889704,-0.92734272,0.96799817,0.029775405,24,SITTING,45
989,0.96305582,0.53476414,-0.79587944,-0.91267353,0.38865349,24,SITTING,61
990,0.96286425,-0.63046959,-0.12108906,-0.58434305,-0.063432023,24,SITTING,62
991,0.9625679,-0.43023766,0.71931683,-0.30212978,0.015683237,24,SITTING,63
992,0.96136716,-0.95870641,0.9764809000000001,-0.99380665,-0.029884826,24,SITTING,67
993,-0.39262567,0.024837893,-0.95850828,-0.06552464,0.41846825,24,LAYING,73
994,-0.37987615,0.61921573,-0.77335176,0.014091781000000001,-0.04615103,24,LAYING,78
995,-0.47189265,-0.34417109,-0.26117504,-0.80391955,0.039699085,24,LAYING,86
996,-0.47323914,0.99564708,-0.92516342,-0.91298634,-0.63611866,24,LAYING,98
997,-0.47717578,0.95395968,-0.83194692,-0.93510483,0.65960392,24,LAYING,102
998,0.96718808,-0.21347181,-0.46193338,0.42206899999999997,0.37521862,24,WALKING,107
999,0.96229854,0.021841275,0.68195882,-0.36649763,-0.25654317,24,WALKING,113
1000,0.94956666,-0.80106654,0.15741034,-0.65907747,-0.51358547,24,WALKING_DOWNSTAIRS,132
1001,0.96460557,-0.86367848,-0.89823583,0.71042165,0.99244997,24,WALKING_DOWNSTAIRS,134
1002,0.93592006,0.86820068,-0.6957566,-0.47823267,-0.9570649999999999,24,WALKING_DOWNSTAIRS,137
1003,0.95037805,0.43020230000000004,0.25059339999999997,0.88651104,0.94314432,24,WALKING_DOWNSTAIRS,152
1004,0.95794105,-0.27775003,-0.67127205,0.48764668,0.9128386999999999,24,WALKING_DOWNSTAIRS,153
1005,0.95891939,0.6884024000000001,0.86177764,0.89478024,0.08175115599999999,24,WALKING_UPSTAIRS,159
1006,0.90119745,0.48488146,-0.52017712,-0.87076165,-0.91933315,24,WALKING_UPSTAIRS,163
1007,0.91330696,0.058348094,0.36578012,-0.82108489,0.89189121,24,WALKING_UPSTAIRS,177
1008,0.94473135,0.57552116,-0.86548276,-0.61480426,-0.9381363000000001,24,WALKING_UPSTAIRS,178
1009,0.90705187,0.40009457,-0.37449619,-0.60614364,0.87512303,24,WALKING_UPSTAIRS,187
1010,0.96108772,0.67629124,0.99015322,0.76841073,0.05401187599999999,24,STANDING,211
1011,0.84002515,0.33219113,-0.83365044,0.056528176,0.042250130999999996,24,SITTING,232
1012,0.83884438,-0.94542637,-0.98147961,0.8747035,-0.4264215,24,SITTING,235
1013,0.95469086,-0.9018212999999999,-0.5741276999999999,0.16779074,0.45575602,24,SITTING,239
1014,0.95962911,-0.93410636,0.63225635,-0.80893992,-0.16447409,24,SITTING,243
1015,0.96529761,-0.7948735,-0.59838122,0.026400075,-0.061710984,24,SITTING,247
1016,-0.18127212,-0.41660572,-0.98847826,0.5113213,-0.21040252,24,LAYING,276
1017,-0.26783469,0.9926746,-0.99179202,-0.99395122,0.31106961,24,LAYING,281
1018,0.95707544,0.48074683,-0.82950373,-0.39541088,0.39164154,24,WALKING,300
1019,0.95656379,0.94777889,-0.6535469,-0.72545331,0.9424976,24,WALKING,308
1020,0.95801682,0.63031597,0.19112719,-0.53076662,0.93844259,24,WALKING_DOWNSTAIRS,326
1021,0.96807221,0.88407988,0.31380223,0.055620357999999995,0.85829364,24,WALKING_DOWNSTAIRS,330
1022,0.94517534,0.91452059,-0.73446811,-0.79888941,-0.96446082,24,WALKING_DOWNSTAIRS,338
1023,0.90274346,0.31332362,0.44549549,-0.40611970000000003,-0.92706521,24,WALKING_UPSTAIRS,345
1024,0.88499133,0.8772075,-0.73489129,-0.70767645,0.73857063,24,WALKING_UPSTAIRS,360
1025,0.891366,0.80269858,-0.75429255,-0.80132595,0.96035744,24,WALKING_UPSTAIRS,361
1026,0.89315197,0.3705465,-0.35367597,-0.76556501,0.92732463,24,WALKING_UPSTAIRS,362
1027,0.94880259,-0.75010551,-0.29823155,-0.034761896,0.9214663000000001,24,WALKING_DOWNSTAIRS,364
1028,0.95587886,0.81843678,0.53333269,0.66470554,0.96691378,24,WALKING_DOWNSTAIRS,369
1029,0.89433093,0.12873653,-0.15408669,-0.74410686,0.87602991,24,WALKING_UPSTAIRS,381
